user,type,contest_id,ticket_id,start_time,expire_time,stop_time,task_answers,user_agent,client_ip,mobile_alert,owner,tag,name,school,/Users/artie/PycharmProjects/pythonProject/venv/bin/python /Users/artie/Documents/GitHub/pythonRepository/python数据分析小作业/chaxun.py,is_parent,mobi,le_alert
tsing/dxgk/2206001,ticket-user,tsing/dxgk,2206001,2022-07-18T22:26:31.254+08:00,2022-07-19T00:26:31+08:00,2022-07-18T22:43:44.352+08:00,"[""{\""basic\"":[[3,2,5,4,2,5,4,2,5,4,2,5,4,2,5,4,2,1,5,4,3,1,4,3,2,5,4,2,1,4,2,1,5,2,3,4,3,2,1,5,4,3,1,4,3,1,5,4,2,4,1,5,4,1,4,3,2,4,4,1,4,3,1,3,2,4,5,4,1,4,3,1,4,3,1,3,2,1,5,4,3,2,1,4,3,1,5,4,3,2,1,5,4,4,2,1,5,4,3,2,1,4,3,2,2,1,5,4,3,2,1,5,4,3,2,5,3,3,2,1,5,4,3,2,1,5,4,3,2,4,3,2,1,3,3,2,5,4,2,1,5,4,3,4,2,4,3,1,5,4,2,4,4,3,2,5,4,2,5,2,4,5,4,3,1,5,4,3,2,4,3,1,4,3,2,5,4,3,2,1,4,3,2,2,1,5,4,3,2,4,3,2,4]]}""]","Mozilla/5.0 (Windows NT 6.1; WOW64) AppleWebKit/537.36 (KHTML, like Gecko) Chrome/81.0.4044.138 Safari/537.36 NetType/WIFI MicroMessenger/7.0.20.1781(0x6700143B) WindowsWechat(0x6307001d)",59.54.20.187,江西省九江市 电信  ,tsing,老师,工科老师,测试学校,未查到归属地,0,江西,省深圳市
tsing/dxgk/2206003,ticket-user,tsing/dxgk,2206003,2022-07-15T18:33:34.406+08:00,2022-07-15T20:33:34+08:00,2022-07-15T18:46:06.163+08:00,"[""{\""basic\"":[[2,3,2,2,1,2,2,2,2,3,2,4,4,4,3,3,3,3,3,3,2,2,5,5,5,5,4,4,3,3,1,2,1,2,3,1,2,2,3,3,2,2,2,2,1,1,1,3,3,2,4,4,3,2,2,1,1,5,5,3,3,2,2,1,1,4,3,4,5,5,5,3,3,4,5,4,4,2,2,2,3,3,4,4,5,4,4,5,3,4,4,2,2,4,1,4,4,5,5,4,4,3,4,4,5,5,4,3,1,4,2,2,5,4,4,4,1,1,2,4,3,2,1,1,2,3,4,5,3,3,4,3,3,4,5,4,4,3,2,2,2,1,1,1,2,5,5,4,4,4,4,5,1,1,4,4,5,5,5,4,4,4,4,5,5,1,5,3,3,4,4,3,3,2,1,4,5,3,3,1,1,2,1,3,3,2,2,3,4,4,4,5,5]]}""]","Mozilla/5.0 (Linux; Android 10; SEA-AL10 Build/HUAWEISEA-AL10; wv) AppleWebKit/537.36 (KHTML, like Gecko) Version/4.0 Chrome/86.0.4240.99 XWEB/4263 MMWEBSDK/20220604 Mobile Safari/537.36 MMWEBID/7122 MicroMessenger/8.0.24.2180(0x2800183F) WeChat/arm64 Weixin NetType/WIFI Language/zh_CN ABI/arm64",124.152.100.174,甘肃省嘉峪关市 联通 ,tsing,老师,工科老师,测试学校,未查到归属地,0,甘肃,省九江市
tsing/dxgk/2206004,ticket-user,tsing/dxgk,2206004,2022-07-15T18:43:02.417+08:00,2022-07-15T20:43:02+08:00,2022-07-15T18:53:55.174+08:00,"[""{\""basic\"":[[2,1,1,2,2,1,1,2,2,3,4,4,5,5,2,2,3,2,2,3,2,4,5,5,5,4,4,4,5,2,1,1,2,4,3,2,2,1,2,2,3,2,2,3,3,2,2,3,1,1,4,4,2,2,1,2,1,5,4,3,2,2,1,2,1,2,3,5,5,4,4,2,2,4,5,5,4,2,1,2,3,3,4,4,5,5,4,4,5,5,5,2,2,4,1,4,4,5,5,4,4,5,5,5,4,4,3,2,1,4,1,5,5,4,3,4,1,2,1,4,2,2,1,1,1,3,3,4,5,4,5,4,5,4,5,5,4,4,2,1,2,1,2,1,3,2,2,1,5,5,4,4,1,2,5,4,5,5,4,4,5,5,4,4,4,2,5,2,4,4,5,2,1,2,1,5,4,1,2,1,1,2,1,1,1,3,2,4,3,4,5,5,5]]}""]","Mozilla/5.0 (Linux; Android 11; 21051182C Build/RKQ1.200826.002; wv) AppleWebKit/537.36 (KHTML, like Gecko) Version/4.0 Chrome/86.0.4240.99 XWEB/4263 MMWEBSDK/20220604 Safari/537.36 MMWEBID/1286 MicroMessenger/8.0.24.2180(0x28001837) WeChat/arm64 Weixin Android Tablet NetType/WIFI Language/zh_CN ABI/arm64",124.152.100.174,甘肃省嘉峪关市 联通 ,tsing,老师,工科老师,测试学校,未查到归属地,0,甘肃,省嘉峪关市
tsing/dxgk/2206005,ticket-user,tsing/dxgk,2206005,2022-07-15T18:55:51.319+08:00,2022-07-15T20:55:51+08:00,2022-07-15T19:06:41.997+08:00,"[""{\""basic\"":[[2,2,1,1,2,3,1,1,3,2,5,4,5,5,2,1,3,1,1,2,1,4,4,3,4,4,3,4,4,2,1,1,1,2,2,2,2,3,3,2,2,1,1,2,2,1,1,2,1,1,4,4,2,2,1,2,1,4,5,4,2,2,1,1,2,3,3,4,4,5,5,2,2,3,3,4,4,2,2,1,2,3,4,5,4,3,4,4,4,5,5,2,2,4,2,4,4,5,5,3,4,3,4,4,3,4,4,2,1,4,2,4,4,3,4,3,1,2,1,3,3,2,1,1,2,4,3,3,3,4,3,4,4,4,5,5,4,4,2,2,1,1,1,2,4,4,2,2,4,4,5,4,2,1,4,4,5,5,4,4,4,5,5,5,4,1,4,4,4,4,5,2,1,2,2,4,4,2,2,1,1,2,2,1,2,3,1,3,3,4,4,5,5]]}""]","Mozilla/5.0 (Linux; Android 11; M2012K11AC Build/RKQ1.200826.002; wv) AppleWebKit/537.36 (KHTML, like Gecko) Version/4.0 Chrome/86.0.4240.99 XWEB/4263 MMWEBSDK/20220505 Mobile Safari/537.36 MMWEBID/8905 MicroMessenger/8.0.23.2160(0x28001757) WeChat/arm64 Weixin NetType/WIFI Language/zh_CN ABI/arm64",124.152.100.88,甘肃省嘉峪关市 联通 ,tsing,老师,工科老师,测试学校,未查到归属地,0,甘肃,省嘉峪关市
tsing/dxgk/2206006,ticket-user,tsing/dxgk,2206006,2022-07-15T18:39:34.958+08:00,2022-07-15T20:39:34+08:00,2022-07-15T18:50:49.767+08:00,"[""{\""basic\"":[[1,1,2,2,2,2,1,2,1,2,5,5,4,5,1,2,3,2,4,4,3,3,4,3,3,5,5,5,1,5,2,3,2,2,3,4,4,1,5,3,4,3,1,2,1,2,1,2,1,2,1,4,5,1,1,1,2,5,5,5,2,3,3,3,3,3,1,3,2,2,3,3,2,3,3,2,4,4,4,2,3,2,4,2,2,4,2,3,4,5,3,4,3,4,3,3,4,4,4,4,2,3,3,4,4,5,5,1,1,5,1,5,5,5,3,4,1,1,1,1,2,2,3,3,2,5,5,5,5,3,4,3,1,4,3,3,4,2,4,4,2,2,3,4,2,1,1,3,4,4,2,1,3,3,4,3,1,1,2,3,3,3,5,5,5,1,3,1,4,4,4,4,2,2,1,5,5,5,5,2,1,1,1,2,2,1,2,5,5,4,2,3,5]]}""]","Mozilla/5.0 (Linux; Android 10; PBEM00 Build/QKQ1.190918.001; wv) AppleWebKit/537.36 (KHTML, like Gecko) Version/4.0 Chrome/86.0.4240.99 XWEB/4263 MMWEBSDK/20220604 Mobile Safari/537.36 MMWEBID/2427 MicroMessenger/8.0.24.2160(0x2800183F) WeChat/arm64 Weixin NetType/WIFI Language/zh_CN ABI/arm64",111.49.60.179,宁夏回族自治区吴忠市 移动  ,tsing,老师,工科老师,测试学校,未查到归属地,0,宁夏,省嘉峪关市
tsing/dxgk/2206007,ticket-user,tsing/dxgk,2206007,2022-07-16T00:06:42.673+08:00,2022-07-16T02:06:42+08:00,2022-07-16T00:21:21.468+08:00,"[""{\""basic\"":[[2,4,4,3,1,4,4,5,5,2,4,4,1,4,3,2,1,4,3,5,4,3,2,1,4,3,5,2,4,3,1,4,4,2,4,3,2,1,4,3,3,2,1,4,3,2,2,1,4,3,5,1,4,3,3,2,3,4,1,4,2,4,4,3,2,1,4,4,2,4,1,4,3,2,1,4,3,5,4,2,4,3,2,4,1,4,3,1,4,3,1,4,4,4,4,5,1,4,4,2,1,4,3,2,4,1,4,3,1,4,4,1,4,3,2,4,1,4,3,2,4,3,2,1,4,4,3,5,1,4,4,5,2,3,3,3,1,4,4,5,1,4,4,3,1,4,3,4,4,5,1,4,4,4,4,2,1,4,4,4,3,4,3,1,4,4,3,2,4,4,4,5,2,4,4,4,2,4,4,1,4,4,3,2,4,3,4,3,2,1,4,3,2]]}""]","Mozilla/5.0 (Linux; Android 12; NTH-AN00 Build/HONORNTH-AN00; wv) AppleWebKit/537.36 (KHTML, like Gecko) Version/4.0 Chrome/86.0.4240.99 XWEB/4263 MMWEBSDK/20220604 Mobile Safari/537.36 MMWEBID/4928 MicroMessenger/8.0.24.2180(0x28001879) WeChat/arm64 Weixin NetType/WIFI Language/zh_CN ABI/arm64",218.65.9.132,江西省九江市 电信  ,tsing,老师,工科老师,测试学校,未查到归属地,0,江西,回族自治区吴忠市
tsing/dxgk/2206008,ticket-user,tsing/dxgk,2206008,2022-07-15T18:14:30.186+08:00,2022-07-15T20:14:30+08:00,2022-07-15T18:57:09.132+08:00,"[""{\""basic\"":[[4,2,2,1,1,2,4,4,2,3,2,1,2,2,2,2,2,3,3,3,2,4,4,4,2,3,3,2,3,3,3,3,3,2,3,3,3,3,3,3,3,2,2,2,2,2,2,3,2,3,4,4,3,2,2,3,3,4,3,4,4,4,4,3,3,4,4,3,4,3,3,3,3,2,2,2,2,4,4,4,4,3,2,1,2,2,4,2,2,2,3,4,3,4,3,4,3,4,4,4,4,3,2,3,3,5,4,2,1,4,2,4,3,2,4,4,2,2,2,1,2,4,4,3,3,3,3,3,4,3,4,3,3,4,4,4,4,3,2,2,3,3,2,3,4,4,3,2,4,4,4,2,2,3,2,2,4,4,4,4,4,3,3,4,4,2,4,4,2,4,2,3,3,4,2,4,4,2,2,3,2,3,3,2,3,3,3,4,4,4,4,4,3]]}""]","Mozilla/5.0 (Linux; Android 11; M2006J10C Build/RP1A.200720.011; wv) AppleWebKit/537.36 (KHTML, like Gecko) Version/4.0 Chrome/86.0.4240.99 XWEB/4263 MMWEBSDK/20220402 Mobile Safari/537.36 MMWEBID/4756 MicroMessenger/8.0.22.2140(0x28001657) WeChat/arm64 Weixin NetType/4G Language/zh_CN ABI/arm64",117.136.32.27,广东省 移动 ,tsing,老师,工科老师,测试学校,未查到归属地,0,广东,省九江市
tsing/dxgk/2206010,ticket-user,tsing/dxgk,2206010,2022-07-15T18:51:50.634+08:00,2022-07-15T20:51:50+08:00,2022-07-15T19:11:48.984+08:00,"[""{\""basic\"":[[1,2,1,2,3,2,1,3,2,1,3,2,1,4,4,5,5,1,1,4,1,3,4,4,3,5,2,4,5,2,5,2,1,2,4,2,4,2,4,1,4,4,2,4,1,3,4,1,4,1,4,5,4,5,4,1,4,1,4,4,1,4,4,3,1,4,3,1,4,4,2,5,4,1,5,5,4,4,1,4,4,3,2,2,4,4,5,4,3,2,4,1,3,4,4,2,2,4,5,5,4,5,4,2,2,4,4,5,2,4,2,2,4,4,5,5,5,2,3,4,1,5,5,3,1,5,5,5,4,2,5,2,3,1,3,5,1,3,3,5,1,5,5,4,5,3,1,4,5,4,5,2,1,5,5,4,4,3,4,5,3,4,4,3,5,1,3,4,5,4,4,2,3,4,4,2,5,1,3,1,2,3,4,2,4,4,2,5,5,5,2,2,3]]}""]","Mozilla/5.0 (Linux; Android 10; PBEM00 Build/QKQ1.190918.001; wv) AppleWebKit/537.36 (KHTML, like Gecko) Version/4.0 Chrome/86.0.4240.99 XWEB/4263 MMWEBSDK/20220604 Mobile Safari/537.36 MMWEBID/8467 MicroMessenger/8.0.24.2160(0x2800183F) WeChat/arm64 Weixin NetType/WIFI Language/zh_CN ABI/arm64",111.49.60.179,宁夏回族自治区吴忠市 移动  ,tsing,老师,工科老师,测试学校,未查到归属地,0,宁夏,省
tsing/dxgk/2206012,ticket-user,tsing/dxgk,2206012,2022-07-15T19:37:51.439+08:00,2022-07-15T21:37:51+08:00,2022-07-15T19:48:08.717+08:00,"[""{\""basic\"":[[2,2,3,1,2,3,4,3,1,1,5,4,5,4,3,3,4,2,4,4,3,5,4,4,5,5,4,3,3,3,2,3,2,2,3,2,2,3,4,4,3,3,2,2,4,4,3,5,4,3,5,5,3,3,3,2,1,4,3,1,1,4,3,2,2,2,3,2,3,4,3,1,2,3,3,4,5,4,3,3,2,3,4,3,5,4,3,5,3,4,5,3,3,4,2,4,3,3,4,3,4,3,3,4,5,5,4,3,2,4,1,3,3,4,3,4,1,1,1,1,2,2,3,2,1,1,3,2,2,3,2,5,5,3,4,4,3,3,2,2,1,1,2,1,3,3,2,1,2,3,3,2,1,1,2,3,3,4,4,5,5,1,2,1,3,1,4,2,1,4,3,2,3,2,1,3,5,2,3,3,2,1,3,5,5,3,2,3,4,5,3,4,5]]}""]","Mozilla/5.0 (Windows NT 10.0; Win64; x64) AppleWebKit/537.36 (KHTML, like Gecko) Chrome/92.0.4515.105 Safari/537.36",113.101.108.88,广东省湛江市 电信  ,tsing,老师,工科老师,测试学校,未查到归属地,0,广东,回族自治区吴忠市
tsing/dxgk/2206013,ticket-user,tsing/dxgk,2206013,2022-07-15T22:09:47.011+08:00,2022-07-16T00:09:47+08:00,2022-07-15T22:24:30.4+08:00,"[""{\""basic\"":[[1,2,5,4,1,3,5,5,3,1,2,2,4,5,5,3,2,1,2,3,4,4,3,2,1,2,3,4,5,1,3,4,5,2,5,4,3,2,1,3,4,4,4,3,2,1,2,3,4,5,4,4,3,2,3,4,2,2,1,2,3,4,4,3,2,3,4,4,3,2,2,3,4,4,3,2,1,2,3,4,4,2,2,1,1,2,3,3,4,4,3,2,1,4,3,4,4,3,2,2,1,2,3,4,4,5,4,3,2,3,5,5,3,2,1,2,3,4,4,3,2,1,2,4,1,2,4,4,5,2,2,3,4,3,2,1,2,3,4,5,4,3,3,2,3,4,2,2,1,4,2,1,2,3,4,4,2,1,2,4,5,3,1,2,3,4,3,2,2,4,1,3,5,5,3,2,3,3,2,4,3,2,2,1,1,4,5,4,3,2,1,2,3]]}""]","Mozilla/5.0 (Windows NT 6.1; WOW64) AppleWebKit/537.36 (KHTML, like Gecko) Chrome/81.0.4044.138 Safari/537.36 NetType/WIFI MicroMessenger/7.0.20.1781(0x6700143B) WindowsWechat(0x63070517)",223.74.217.177,广东省潮州市 移动  ,tsing,老师,工科老师,测试学校,未查到归属地,0,广东,省湛江市
tsing/dxgk/2206014,ticket-user,tsing/dxgk,2206014,2022-07-15T21:47:13.307+08:00,2022-07-15T23:47:13+08:00,2022-07-15T22:05:56.954+08:00,"[""{\""basic\"":[[1,2,3,2,2,4,1,2,3,4,5,1,1,3,4,2,2,4,1,5,4,3,3,2,2,5,1,5,4,2,3,3,2,2,1,5,5,4,3,2,2,5,3,3,2,4,1,2,1,4,4,2,3,2,1,4,5,3,2,5,4,3,2,1,3,4,5,3,2,5,3,4,3,2,1,2,3,2,4,2,2,4,3,1,5,4,3,2,1,2,3,4,3,4,4,4,3,2,1,2,3,4,3,2,3,4,2,2,4,3,5,1,5,3,2,2,4,3,2,1,2,3,4,5,3,2,1,2,3,4,5,4,3,2,1,1,2,4,2,4,2,4,1,5,4,3,2,1,2,3,4,2,2,1,3,3,2,4,5,3,2,1,2,3,4,5,3,2,1,4,3,3,2,4,4,3,2,3,3,4,5,1,2,3,2,3,2,1,2,4,4,2,1]]}""]","Mozilla/5.0 (Linux; Android 11; M2007J3SC Build/RKQ1.200826.002; wv) AppleWebKit/537.36 (KHTML, like Gecko) Version/4.0 Chrome/86.0.4240.99 XWEB/3263 MMWEBSDK/20211001 Mobile Safari/537.36 MMWEBID/8120 MicroMessenger/8.0.16.2040(0x2800105F) Process/toolsmp WeChat/arm64 Weixin NetType/WIFI Language/zh_CN ABI/arm64",223.74.217.177,广东省潮州市 移动  ,tsing,老师,工科老师,测试学校,未查到归属地,0,广东,省潮州市
tsing/dxgk/2206015,ticket-user,tsing/dxgk,2206015,2022-07-18T20:25:38.007+08:00,2022-07-18T22:25:38+08:00,2022-07-18T20:43:39.808+08:00,"[""{\""basic\"":[[5,3,2,5,4,3,2,5,2,4,2,5,4,2,4,2,5,1,5,3,2,5,4,2,5,4,2,5,4,2,5,4,5,2,5,4,4,2,3,4,3,2,2,4,2,4,1,5,5,5,3,2,4,2,1,4,5,3,2,5,4,3,1,5,4,2,4,4,4,2,4,4,3,2,4,3,5,4,3,2,3,5,4,3,2,1,5,4,2,2,5,4,3,4,5,4,4,4,3,3,2,4,4,3,2,1,4,3,3,2,1,3,4,3,4,2,3,2,1,4,3,4,4,3,2,1,3,4,3,2,1,4,3,3,1,4,3,3,2,1,4,3,4,2,4,4,3,2,1,4,3,5,4,3,5,1,5,4,3,2,1,4,3,2,4,3,2,1,4,4,3,4,3,4,1,5,4,3,3,5,4,1,5,4,3,2,5,4,3,5,4,4,3]]}""]","Mozilla/5.0 (iPad; CPU OS 15_5 like Mac OS X) AppleWebKit/605.1.15 (KHTML, like Gecko) Mobile/15E148 MicroMessenger/8.0.25(0x18001927) NetType/WIFI Language/zh_CN",59.54.20.187,江西省九江市 电信  ,tsing,老师,工科老师,测试学校,未查到归属地,0,江西,省潮州市
tsing/dxgk/2206016,ticket-user,tsing/dxgk,2206016,2022-07-18T20:29:04.246+08:00,2022-07-18T22:29:04+08:00,2022-07-18T20:44:10.416+08:00,"[""{\""basic\"":[[4,5,3,5,3,1,5,4,2,5,2,1,5,4,3,5,5,4,2,4,2,5,4,2,1,5,4,3,2,5,4,3,2,2,5,4,3,2,1,5,4,3,2,1,4,4,3,1,4,4,2,4,1,5,4,2,1,5,4,2,5,2,5,4,3,3,5,5,3,1,5,4,3,1,5,4,3,2,4,4,4,3,1,4,3,2,5,4,4,3,2,1,5,4,3,1,4,3,3,3,4,4,3,1,5,4,3,2,4,4,3,2,5,4,1,5,5,4,3,1,5,4,3,2,1,5,4,3,2,1,5,4,4,3,2,4,4,3,2,1,5,4,3,2,4,3,1,5,4,3,5,5,4,2,1,4,3,2,4,3,3,2,4,3,5,5,4,2,1,4,5,4,3,2,1,5,4,3,2,1,4,4,3,2,2,1,5,4,3,2,4,3,2]]}""]","Mozilla/5.0 (Macintosh; Intel Mac OS X 10_15_6) AppleWebKit/605.1.15 (KHTML, like Gecko) Version/15.5 Safari/605.1.15",59.54.20.187,江西省九江市 电信  ,tsing,老师,工科老师,测试学校,未查到归属地,0,江西,省九江市
tsing/dxgk/2206017,ticket-user,tsing/dxgk,2206017,2022-07-15T18:58:27.566+08:00,2022-07-15T20:58:27+08:00,2022-07-15T19:21:13.885+08:00,"[""{\""basic\"":[[2,1,2,1,1,2,2,3,3,2,4,3,4,3,2,2,4,2,2,2,1,5,4,4,4,4,3,4,3,3,3,2,2,2,3,3,3,3,3,2,2,1,2,2,2,2,2,3,3,3,4,4,4,2,2,2,1,4,3,3,4,2,2,2,1,2,2,4,4,4,3,2,3,4,4,4,5,2,2,2,4,2,4,2,4,4,4,4,4,4,3,2,2,4,4,4,4,5,4,4,4,3,3,4,4,5,4,2,1,4,2,4,4,4,4,4,1,2,1,2,2,2,2,1,2,4,4,4,4,4,4,3,3,3,4,4,4,3,2,2,2,1,2,2,4,4,2,2,4,4,5,4,2,2,4,4,4,4,4,4,4,4,4,4,4,2,4,2,4,4,4,1,2,2,3,3,4,3,3,3,2,2,2,4,2,3,2,4,4,4,4,3,4]]}""]","Mozilla/5.0 (Linux; U; Android 11; zh-cn; M2006J10C Build/RP1A.200720.011) AppleWebKit/537.36 (KHTML, like Gecko) Version/4.0 Chrome/89.0.4389.116 Mobile Safari/537.36 XiaoMi/MiuiBrowser/16.3.12 swan-mibrowser",120.231.12.92,广东省湛江市 移动  ,tsing,老师,工科老师,测试学校,未查到归属地,0,广东,省九江市
tsing/dxgk/2206018,ticket-user,tsing/dxgk,2206018,2022-07-18T20:32:19.519+08:00,2022-07-18T22:32:19+08:00,2022-07-18T20:44:29.006+08:00,"[""{\""basic\"":[[4,3,2,4,3,2,4,4,3,2,4,5,1,4,3,1,4,2,4,1,3,2,1,4,3,2,5,3,2,5,4,3,1,2,5,4,3,1,5,4,3,1,4,3,1,5,4,3,2,5,4,3,2,1,5,4,3,2,1,5,3,3,2,1,5,3,3,1,5,4,5,3,1,5,4,2,1,5,4,1,5,4,3,1,5,4,2,1,5,4,2,5,4,4,1,4,3,2,4,4,2,1,5,4,3,2,1,5,4,3,4,2,1,4,4,1,4,4,3,2,5,4,2,2,5,4,1,4,3,2,1,4,3,2,4,3,2,1,5,4,3,2,5,4,3,2,1,5,4,3,2,1,5,4,3,2,5,4,3,2,5,4,2,1,5,4,2,4,1,4,5,4,3,2,1,4,5,3,2,4,3,2,1,4,3,2,1,4,3,2,4,3,2]]}""]","Mozilla/5.0 (iPad; CPU OS 15_5 like Mac OS X) AppleWebKit/601.1.46 (KHTML, like Gecko) Mobile/19F77 Quark/4.7.3.32 Mobile",59.54.20.187,江西省九江市 电信  ,tsing,老师,工科老师,测试学校,未查到归属地,0,江西,省湛江市
tsing/dxgk/2206019,ticket-user,tsing/dxgk,2206019,2022-07-18T20:47:58.113+08:00,2022-07-18T22:47:58+08:00,2022-07-18T20:59:24.466+08:00,"[""{\""basic\"":[[5,3,1,5,4,3,1,5,4,2,5,4,3,2,5,1,5,4,3,5,4,2,1,5,4,3,1,3,4,2,4,2,5,2,1,5,4,3,2,4,5,1,4,2,5,1,5,4,3,4,2,3,1,4,3,2,4,3,1,5,4,2,5,2,5,4,3,1,5,3,4,2,1,5,4,3,5,4,1,4,3,1,4,3,2,5,4,2,4,1,5,4,2,4,5,4,2,2,5,4,1,5,4,3,5,4,2,5,5,4,2,1,4,4,3,1,5,4,2,4,3,1,5,4,3,5,5,4,2,5,4,3,2,5,4,5,1,4,3,2,5,3,4,1,5,4,4,2,1,5,4,3,3,5,1,4,3,1,5,4,3,1,5,4,3,2,1,4,4,4,3,2,1,5,4,3,2,4,3,2,2,1,4,3,2,5,4,3,2,1,4,3,1]]}""]","Mozilla/5.0 (iPad; CPU OS 15_5 like Mac OS X) AppleWebKit/605.1.15 (KHTML, like Gecko) Mobile/15E148 MicroMessenger/8.0.25(0x18001927) NetType/WIFI Language/zh_CN",59.54.20.187,江西省九江市 电信  ,tsing,老师,工科老师,测试学校,未查到归属地,0,江西,省九江市
tsing/dxgk/2206020,ticket-user,tsing/dxgk,2206020,2022-07-18T20:48:25.273+08:00,2022-07-18T22:48:25+08:00,2022-07-18T20:59:52.272+08:00,"[""{\""basic\"":[[4,1,4,4,3,4,1,3,5,1,4,3,4,1,3,1,5,4,3,1,5,4,2,4,3,2,4,1,3,4,1,4,3,2,1,4,3,2,1,4,3,2,5,1,4,3,2,5,4,1,5,4,3,1,5,4,3,1,4,3,2,5,4,3,1,5,4,3,4,1,5,4,4,3,1,5,4,3,2,4,1,4,3,1,5,4,3,4,3,2,5,1,3,4,3,1,5,4,3,4,3,4,1,4,2,5,4,3,4,5,4,1,4,3,4,4,5,2,5,4,2,4,2,1,5,4,3,1,4,3,2,4,2,5,1,4,3,2,4,3,1,5,4,3,2,1,5,4,3,4,3,4,1,5,4,3,1,4,3,4,4,2,1,4,3,4,4,4,3,4,4,5,3,4,1,3,4,1,4,2,3,2,1,5,4,3,2,5,2,4,2,5,4]]}""]","Mozilla/5.0 (Macintosh; Intel Mac OS X 10_15_6) AppleWebKit/605.1.15 (KHTML, like Gecko) Version/15.5 Safari/605.1.15",59.54.20.187,江西省九江市 电信  ,tsing,老师,工科老师,测试学校,未查到归属地,0,江西,省九江市
tsing/dxgk/2206021,ticket-user,tsing/dxgk,2206021,2022-07-19T21:21:43.652+08:00,2022-07-19T23:21:43+08:00,2022-07-19T21:37:16.499+08:00,"[""{\""basic\"":[[3,2,4,2,2,1,4,4,2,3,3,4,3,3,2,3,3,4,5,4,3,3,3,3,2,5,3,4,3,4,2,3,3,2,2,4,2,4,3,3,2,4,5,3,5,3,3,3,3,3,2,3,2,2,3,4,1,4,4,5,3,2,2,4,3,5,4,3,3,5,3,2,3,3,2,4,3,4,3,4,2,1,3,2,1,3,5,2,1,3,1,3,2,4,5,4,2,2,3,4,4,4,3,4,2,4,3,2,1,3,4,3,2,2,4,4,1,2,2,3,4,5,4,3,2,4,4,3,2,2,3,3,4,5,4,4,5,3,4,1,2,2,3,2,4,3,5,4,2,3,3,3,1,2,3,3,4,2,2,3,2,4,4,5,5,1,4,3,2,4,1,3,3,2,2,3,5,4,3,2,2,4,3,4,4,1,3,3,3,4,3,3,4]]}""]","Mozilla/5.0 (iPhone; CPU iPhone OS 15_5 like Mac OS X) AppleWebKit/605.1.15 (KHTML, like Gecko) Version/15.5 Mobile/15E148 Safari/604.1",36.112.190.68,北京市 电信 ,tsing,老师,工科老师,测试学校,未查到归属地,0,北京,省九江市
tsing/dxgk/2206022,ticket-user,tsing/dxgk,2206022,2022-07-19T21:46:02.039+08:00,2022-07-19T23:46:02+08:00,2022-07-19T22:01:56.066+08:00,"[""{\""basic\"":[[5,2,3,2,3,2,3,2,3,2,4,3,4,3,2,1,3,1,5,5,5,3,3,4,3,4,4,5,4,1,3,2,1,2,3,4,2,4,4,2,1,2,3,3,5,4,3,2,2,2,4,3,2,3,4,2,1,4,3,4,2,3,4,1,2,4,4,3,3,2,2,3,2,3,2,4,2,3,5,4,3,2,3,2,3,2,4,2,4,2,3,4,2,4,5,4,3,3,4,2,3,4,2,3,2,4,4,2,1,4,4,5,5,4,4,3,1,3,2,3,2,3,3,4,4,3,4,2,5,4,3,2,3,3,4,5,5,3,4,2,1,2,4,5,4,3,4,2,3,5,3,2,1,2,4,3,4,4,2,4,3,4,4,3,5,1,3,4,3,4,3,4,5,2,2,4,3,3,4,2,4,2,4,4,3,1,1,4,2,3,4,3,4]]}""]","Mozilla/5.0 (Windows NT 10.0; Win64; x64) AppleWebKit/537.36 (KHTML, like Gecko) Chrome/103.0.5060.114 Safari/537.36 Edg/103.0.1264.49",221.216.142.180,北京市西城区 联通  ,tsing,老师,工科老师,测试学校,未查到归属地,0,北京,市
tsing/dxgk/2206023,ticket-user,tsing/dxgk,2206023,2022-07-19T21:17:08.585+08:00,2022-07-19T23:17:08+08:00,2022-07-19T21:32:14.505+08:00,"[""{\""basic\"":[[3,2,4,3,1,1,3,3,2,2,4,3,3,2,2,2,3,3,4,3,3,2,4,4,4,5,5,5,4,2,1,1,1,2,3,1,1,1,1,2,2,2,2,2,2,1,2,3,3,3,3,3,3,3,3,3,3,4,4,3,3,3,3,3,1,2,3,3,3,3,3,1,1,3,3,3,3,3,3,1,2,3,3,3,2,3,4,3,2,3,3,3,3,4,3,2,3,3,3,3,2,3,3,2,2,4,2,3,3,2,3,2,2,1,2,3,3,3,3,3,2,2,3,3,3,2,3,2,3,2,3,3,3,2,3,2,3,3,4,3,3,3,3,3,3,3,2,3,2,3,4,3,1,3,3,3,3,3,3,3,3,3,3,3,3,3,3,3,3,4,3,3,2,3,3,3,3,2,3,2,3,1,1,3,2,3,1,1,2,2,3,3,3]]}""]","Mozilla/5.0 (Linux; Android 10; HarmonyOS; NOH-AN00; HMSCore 6.6.0.312) AppleWebKit/537.36 (KHTML, like Gecko) Chrome/92.0.4515.105 HuaweiBrowser/12.1.1.321 Mobile Safari/537.36",223.104.41.86,中国 移动  ,tsing,老师,工科老师,测试学校,未查到归属地,0,中国,市西城区
tsing/dxgk/2206024,ticket-user,tsing/dxgk,2206024,2022-07-19T21:36:10.083+08:00,2022-07-19T23:36:10+08:00,2022-07-19T22:06:49.915+08:00,"[""{\""basic\"":[[1,1,1,1,1,1,1,1,1,1,3,3,3,3,2,2,2,1,1,2,2,4,4,4,4,4,4,4,4,2,1,1,1,2,3,3,1,1,4,2,2,2,2,2,2,2,3,2,1,1,2,4,2,2,2,2,2,4,4,4,2,1,1,1,1,1,3,4,4,4,3,2,2,3,4,4,4,3,3,2,2,3,3,3,2,2,2,2,4,4,4,3,3,4,2,4,3,4,4,4,4,4,4,4,4,4,4,1,1,3,2,4,4,3,4,2,2,1,1,1,1,1,1,1,1,1,4,3,3,4,3,3,3,3,3,3,3,3,2,3,2,3,3,2,4,4,4,2,3,4,4,4,3,3,3,3,3,3,3,3,3,3,3,3,4,2,3,2,3,4,2,2,4,2,3,3,2,4,4,2,3,4,2,3,3,2,4,3,2,2,4,4,4]]}""]","Mozilla/5.0 (Windows NT 10.0; WOW64) AppleWebKit/537.36 (KHTML, like Gecko) Chrome/86.0.4240.198 Safari/537.36",222.131.30.17,北京市北京市 联通  ,tsing,老师,工科老师,测试学校,未查到归属地,0,北京,
tsing/dxgk/2206025,ticket-user,tsing/dxgk,2206025,2022-07-19T22:12:41.729+08:00,2022-07-20T00:12:41+08:00,2022-07-19T22:31:07.521+08:00,"[""{\""basic\"":[[3,4,4,4,3,3,3,2,5,2,2,3,3,2,3,3,2,3,3,2,3,3,2,3,5,3,3,3,2,2,5,2,4,2,3,2,2,3,2,2,3,2,2,2,2,3,2,3,2,3,2,2,4,2,2,2,4,3,3,2,3,2,2,3,2,5,3,2,3,2,4,2,2,3,2,3,2,3,2,2,2,3,2,2,3,2,2,3,2,2,3,2,3,2,2,3,2,2,3,3,3,2,2,2,3,5,2,2,3,3,3,3,3,2,3,2,4,2,4,2,4,2,3,2,3,4,3,4,3,3,3,4,4,3,3,3,5,3,3,3,3,4,2,2,4,3,4,2,4,2,4,4,1,2,3,2,4,2,2,3,3,4,5,4,2,4,2,3,3,4,1,3,4,3,2,4,4,2,3,4,3,3,4,5,2,4,2,4,2,3,2,3,3]]}""]","Mozilla/5.0 (iPhone; CPU iPhone OS 15_5 like Mac OS X) AppleWebKit/605.1.15 (KHTML, like Gecko) Mobile/15E148 MicroMessenger/8.0.23(0x1800172f) NetType/WIFI Language/zh_CN",222.129.130.57,北京市北京市 联通  ,tsing,老师,工科老师,测试学校,未查到归属地,0,北京,市北京市
tsing/dxlk/2206301,ticket-user,tsing/dxlk,2206301,2022-07-16T14:38:57.28+08:00,2022-07-16T16:38:57+08:00,2022-07-16T14:56:58.849+08:00,"[""{\""basic\"":[[1,4,3,4,4,1,4,3,3,1,1,1,1,1,3,1,4,3,2,2,3,3,3,5,2,2,4,1,3,5,5,4,3,2,3,3,1,4,2,1,3,5,2,1,1,1,3,2,3,1,4,2,5,1,4,1,4,3,3,1,4,3,2,4,5,1,4,2,3,4,2,3,3,3,4,3,2,1,2,2,1,3,4,2,1,2,5,4,2,3,4,2,4,4,2,2,3,4,2,5,4,3,4,2,2,2,3,3,2,1,5,2,3,3,3,2,4,2,4,2,3,4,1,4,3,3,2,3,3,4,4,1,4,3,1,2,3,4,3,3,4,2,3,4,2,3,3,1,3,4,3,2,4,1,3,5,3,4,5,5,4,1,4,2,4,2,3,4,4,4,3,5,1,1,3,3,4,3,2,5,2,1,4,3,1,1,3,5,4,1,4,2,3]]}""]","Mozilla/5.0 (Windows NT 10.0; Win64; x64) AppleWebKit/537.36 (KHTML, like Gecko) Chrome/103.0.5060.114 Safari/537.36 Edg/103.0.1264.49",163.125.36.44,广东省深圳市 联通  ,tsing,老师,理科老师,测试学校,未查到归属地,0,广东,市北京市
tsing/dxlk/2206302,ticket-user,tsing/dxlk,2206302,2022-07-16T14:39:14.454+08:00,2022-07-16T16:39:14+08:00,2022-07-16T14:57:44.757+08:00,"[""{\""basic\"":[[1,1,4,4,5,5,3,2,2,4,4,1,1,3,2,4,4,4,3,4,3,3,3,4,1,1,4,2,1,3,3,3,3,2,4,4,4,5,5,1,2,1,2,1,2,1,2,2,3,1,1,2,1,2,1,1,1,2,4,4,2,4,2,3,4,2,4,4,3,1,2,3,5,3,2,4,4,3,4,3,3,3,4,5,5,4,1,2,2,5,5,2,4,4,2,4,4,5,2,2,1,1,2,5,2,3,4,4,4,1,3,4,2,1,3,4,2,1,1,4,5,5,4,3,1,1,4,2,1,4,4,3,4,2,4,1,3,4,2,1,2,4,2,4,4,2,2,1,1,2,2,4,4,2,1,4,2,1,4,2,4,1,3,2,4,3,1,3,3,4,4,3,3,2,1,4,3,4,5,1,2,4,1,1,1,1,1,4,2,3,3,3,3]]}""]","Mozilla/5.0 (Windows NT 6.1; WOW64) AppleWebKit/537.36 (KHTML, like Gecko) Chrome/81.0.4044.138 Safari/537.36 NetType/WIFI MicroMessenger/7.0.20.1781(0x6700143B) WindowsWechat(0x6307001d)",163.125.36.44,广东省深圳市 联通  ,tsing,老师,理科老师,测试学校,未查到归属地,0,广东,省深圳市
tsing/dxlk/2206303,ticket-user,tsing/dxlk,2206303,2022-07-16T14:39:25.878+08:00,2022-07-16T16:39:25+08:00,,[],"Mozilla/5.0 (Linux; Android 11; M2012K11AG Build/RKQ1.200826.002; wv) AppleWebKit/537.36 (KHTML, like Gecko) Version/4.0 Chrome/86.0.4240.99 XWEB/4263 MMWEBSDK/20220505 Mobile Safari/537.36 MMWEBID/2116 MicroMessenger/8.0.23.2160(0x28001757) WeChat/arm64 Weixin NetType/WIFI Language/zh_HK ABI/arm64",163.125.36.44,广东省深圳市 联通  ,tsing,老师,理科老师,测试学校,未查到归属地,0,广东,省深圳市
tsing/dxlk/2206304,ticket-user,tsing/dxlk,2206304,2022-07-16T14:45:48.969+08:00,2022-07-16T16:45:48+08:00,,[],"Mozilla/5.0 (Linux; Android 11; M2012K11AG Build/RKQ1.200826.002; wv) AppleWebKit/537.36 (KHTML, like Gecko) Version/4.0 Chrome/86.0.4240.99 XWEB/4263 MMWEBSDK/20220505 Mobile Safari/537.36 MMWEBID/2116 MicroMessenger/8.0.23.2160(0x28001757) WeChat/arm64 Weixin NetType/WIFI Language/zh_HK ABI/arm64",163.125.36.44,广东省深圳市 联通  ,tsing,老师,理科老师,测试学校,未查到归属地,0,广东,省深圳市
tsing/dxlk/2206305,ticket-user,tsing/dxlk,2206305,2022-07-18T21:46:19.816+08:00,2022-07-18T23:46:19+08:00,2022-07-18T22:05:44.992+08:00,"[""{\""basic\"":[[4,3,1,5,4,3,1,5,4,4,3,2,1,4,4,2,5,4,3,2,1,5,4,3,1,5,4,3,2,1,5,4,3,2,4,3,2,1,5,4,3,1,5,4,3,1,5,4,3,2,1,5,4,4,3,2,1,5,4,3,2,5,4,2,4,1,4,4,5,4,1,5,4,2,5,1,5,4,2,5,4,3,1,5,4,2,5,4,1,5,4,3,1,4,4,3,1,5,4,3,1,5,4,3,1,5,4,3,1,5,4,3,1,5,4,3,1,5,4,3,1,5,4,3,2,1,5,4,3,1,5,4,3,1,5,4,3,1,5,4,5,1,4,3,1,5,4,2,5,4,1,5,4,3,1,5,4,3,2,5,4,2,5,1,5,4,2,5,4,4,5,4,2,4,4,2,5,2,5,4,2,5,4,2,5,4,2,5,4,2,4,1,4]]}""]","Mozilla/5.0 (Windows NT 6.1; WOW64) AppleWebKit/537.36 (KHTML, like Gecko) Chrome/81.0.4044.138 Safari/537.36 NetType/WIFI MicroMessenger/7.0.20.1781(0x6700143B) WindowsWechat(0x6307001d)",59.54.20.187,江西省九江市 电信  ,tsing,老师,理科老师,测试学校,未查到归属地,0,江西,省深圳市
tsing/dxlk/2206306,ticket-user,tsing/dxlk,2206306,2022-07-18T21:18:36.941+08:00,2022-07-18T23:18:36+08:00,2022-07-18T21:34:44.961+08:00,"[""{\""basic\"":[[4,2,2,5,4,2,1,5,3,2,4,4,3,4,1,4,3,4,2,3,2,5,4,2,5,4,3,4,3,1,5,3,2,2,5,4,3,2,5,4,3,1,5,4,3,1,4,4,3,3,2,5,4,3,2,5,4,2,5,3,2,1,5,4,3,2,2,1,4,3,2,4,3,2,1,5,4,3,2,3,5,4,3,2,2,1,5,4,2,4,4,3,2,4,4,2,5,4,3,1,4,5,4,3,2,5,2,3,3,2,1,4,3,2,1,4,3,2,1,5,4,3,2,1,4,3,2,4,4,4,2,1,4,3,2,1,4,3,4,2,5,4,2,1,4,3,4,2,1,5,4,3,1,5,4,3,1,5,4,2,1,5,4,3,2,1,5,4,3,4,1,5,4,3,1,5,4,2,1,5,4,3,4,2,4,1,5,4,1,5,4,3,2]]}""]","Mozilla/5.0 (Windows NT 10.0; Win64; x64) AppleWebKit/537.36 (KHTML, like Gecko) Chrome/103.0.5060.114 Safari/537.36 Edg/103.0.1264.62",59.54.20.187,江西省九江市 电信  ,tsing,老师,理科老师,测试学校,未查到归属地,0,江西,省九江市
tsing/dxlk/2206307,ticket-user,tsing/dxlk,2206307,2022-07-18T21:19:52.088+08:00,2022-07-18T23:19:52+08:00,2022-07-18T21:39:07.442+08:00,"[""{\""basic\"":[[4,3,1,5,4,3,1,4,4,3,2,4,4,2,2,1,4,4,3,2,4,4,2,1,5,3,2,1,4,3,2,1,4,2,1,4,3,1,4,3,1,5,4,2,5,3,4,3,2,5,4,1,4,3,2,5,4,2,5,2,5,4,2,1,4,3,2,1,4,3,1,4,3,1,4,3,1,5,4,3,1,5,4,2,1,5,4,2,2,1,4,3,1,4,4,2,3,4,3,1,4,2,2,4,5,2,4,2,4,2,5,1,5,4,3,1,4,3,2,1,5,4,3,2,5,4,1,5,4,3,2,1,5,4,3,3,2,5,4,3,1,5,4,3,2,1,5,4,3,4,3,2,3,3,2,4,2,4,3,2,4,2,2,1,5,4,2,2,1,4,5,4,3,2,1,5,3,3,2,1,5,3,2,1,4,2,1,4,3,2,1,4,3]]}""]","Mozilla/5.0 (Windows NT 10.0; Win64; x64) AppleWebKit/537.36 (KHTML, like Gecko) Chrome/103.0.0.0 Safari/537.36",59.54.20.187,江西省九江市 电信  ,tsing,老师,理科老师,测试学校,未查到归属地,0,江西,省九江市
tsing/dxlk/2206308,ticket-user,tsing/dxlk,2206308,2022-07-18T21:20:33.345+08:00,2022-07-18T23:20:33+08:00,2022-07-18T21:38:03.608+08:00,"[""{\""basic\"":[[4,2,1,4,3,2,1,5,4,3,1,5,4,2,1,5,4,3,1,5,4,2,2,5,3,1,5,4,2,1,4,3,2,2,4,1,4,4,1,5,4,2,1,5,4,2,1,5,4,2,1,5,4,3,1,5,4,2,1,5,4,3,1,5,3,2,1,5,4,3,1,5,4,3,4,4,4,3,5,4,4,5,5,3,4,3,4,2,5,4,2,4,4,4,2,4,3,1,5,4,3,2,5,4,2,5,1,5,4,3,1,5,4,2,1,5,4,3,1,5,4,3,1,5,4,2,4,3,2,4,3,1,5,4,3,1,4,3,2,4,2,1,5,4,3,2,4,3,1,5,4,3,2,5,4,3,2,5,4,3,2,1,5,4,3,4,1,5,4,4,2,1,5,4,3,2,4,3,3,1,5,3,2,1,4,3,1,1,5,4,2,2,1]]}""]","Mozilla/5.0 (Windows NT 6.1; WOW64) AppleWebKit/537.36 (KHTML, like Gecko) Chrome/81.0.4044.138 Safari/537.36 NetType/WIFI MicroMessenger/7.0.20.1781(0x6700143B) WindowsWechat(0x6307001d)",59.54.20.187,江西省九江市 电信  ,tsing,老师,理科老师,测试学校,未查到归属地,0,江西,省九江市
tsing/dxlk/2206309,ticket-user,tsing/dxlk,2206309,2022-07-18T21:35:20.865+08:00,2022-07-18T23:35:20+08:00,2022-07-18T21:54:09.632+08:00,"[""{\""basic\"":[[4,3,1,5,3,2,1,5,4,3,3,2,1,5,4,3,2,5,4,2,1,5,4,3,2,4,4,3,1,5,4,3,2,2,4,2,2,1,4,3,2,1,3,4,3,2,1,4,3,3,2,2,1,4,3,3,2,1,4,3,2,1,5,4,3,2,1,4,3,2,1,4,3,2,1,4,3,2,1,4,3,1,1,5,4,3,2,1,4,3,2,4,4,4,1,4,3,2,1,4,3,2,1,4,3,3,1,4,3,3,2,1,4,3,1,4,3,2,1,4,3,2,1,4,3,2,1,4,3,2,1,4,3,2,1,4,3,2,1,4,3,2,1,4,3,2,1,4,3,2,1,4,3,2,4,5,4,2,4,3,2,5,4,2,1,5,4,3,2,4,3,2,4,3,2,1,3,4,3,2,4,3,4,1,4,3,2,1,4,4,3,5,3]]}""]","Mozilla/5.0 (Windows NT 10.0; Win64; x64) AppleWebKit/537.36 (KHTML, like Gecko) Chrome/103.0.5060.114 Safari/537.36 Edg/103.0.1264.62",59.54.20.187,江西省九江市 电信  ,tsing,老师,理科老师,测试学校,未查到归属地,0,江西,省九江市
tsing/dxlk/2206310,ticket-user,tsing/dxlk,2206310,2022-07-18T21:44:51.04+08:00,2022-07-18T23:44:51+08:00,2022-07-18T21:55:55.793+08:00,"[""{\""basic\"":[[4,3,2,1,5,4,2,2,1,4,3,2,4,3,2,1,4,3,2,1,4,3,2,1,4,3,2,4,3,1,4,3,1,2,4,3,2,1,4,3,2,4,5,1,4,3,2,1,4,3,2,1,4,3,2,2,4,3,2,1,3,3,2,1,5,4,3,2,4,3,2,4,3,2,1,4,3,2,4,3,2,1,5,4,3,2,4,3,5,4,2,5,4,4,2,4,3,2,2,1,5,4,3,2,5,4,3,2,5,4,3,2,1,5,4,4,3,2,1,4,3,2,1,4,3,2,1,5,4,3,2,1,5,4,4,3,2,1,4,3,2,4,3,1,4,3,2,1,4,3,2,1,5,4,3,4,2,4,3,1,5,4,3,2,5,4,2,5,4,4,4,4,2,1,5,4,1,5,4,3,1,5,4,4,5,3,5,4,5,3,5,2,5]]}""]","Mozilla/5.0 (Windows NT 10.0; Win64; x64) AppleWebKit/537.36 (KHTML, like Gecko) Chrome/103.0.0.0 Safari/537.36",59.54.20.187,江西省九江市 电信  ,tsing,老师,理科老师,测试学校,未查到归属地,0,江西,省九江市
tsing/dxlk/2206311,ticket-user,tsing/dxlk,2206311,2022-07-18T21:54:33.899+08:00,2022-07-18T23:54:33+08:00,2022-07-18T22:06:34.095+08:00,"[""{\""basic\"":[[4,3,1,4,3,1,5,4,2,5,4,2,5,4,1,5,4,2,5,4,1,5,4,2,4,4,2,5,4,1,5,4,1,2,5,4,1,5,4,2,1,5,4,3,1,5,4,2,1,5,4,3,1,5,4,2,1,5,4,2,1,5,4,2,5,1,5,4,2,1,5,4,2,1,5,4,3,1,4,3,1,4,3,1,4,3,2,1,4,3,1,4,3,4,1,4,2,1,4,3,2,1,4,3,3,2,1,4,3,2,1,4,3,4,1,4,3,1,4,3,1,4,3,1,4,3,1,5,4,3,3,2,1,4,3,2,1,4,3,2,1,4,3,2,1,4,3,2,1,4,3,2,1,4,3,2,1,4,3,2,4,3,1,4,3,2,2,4,2,4,5,4,3,1,4,3,2,4,3,1,4,3,2,1,4,3,2,5,3,1,4,3,3]]}""]","Mozilla/5.0 (Windows NT 10.0; Win64; x64) AppleWebKit/537.36 (KHTML, like Gecko) Chrome/103.0.5060.114 Safari/537.36 Edg/103.0.1264.62",59.54.20.187,江西省九江市 电信  ,tsing,老师,理科老师,测试学校,未查到归属地,0,江西,省九江市
tsing/dxlk/2206312,ticket-user,tsing/dxlk,2206312,2022-07-18T21:56:15.713+08:00,2022-07-18T23:56:15+08:00,2022-07-18T22:09:32.924+08:00,"[""{\""basic\"":[[4,3,2,3,4,4,2,5,4,3,2,5,4,3,2,5,4,3,4,2,5,4,2,1,5,4,3,2,4,2,4,3,2,2,5,4,2,1,5,4,3,2,1,5,4,3,2,1,4,4,3,2,5,4,3,2,1,5,4,3,2,1,5,4,3,2,5,4,3,2,1,5,4,3,2,5,4,3,2,4,3,1,1,5,4,3,2,2,1,5,4,3,4,4,3,5,4,2,5,4,3,5,4,3,2,5,4,3,2,5,1,5,4,3,2,4,3,2,5,4,2,4,4,3,4,4,4,2,4,1,4,3,2,5,4,4,2,2,4,3,3,3,2,1,4,4,3,4,2,4,3,2,4,3,2,5,4,4,2,4,3,2,4,3,1,4,3,2,4,4,2,4,2,4,2,5,4,1,5,4,3,3,2,1,4,3,3,2,4,3,2,4,3]]}""]","Mozilla/5.0 (Windows NT 10.0; Win64; x64) AppleWebKit/537.36 (KHTML, like Gecko) Chrome/103.0.0.0 Safari/537.36",59.54.20.187,江西省九江市 电信  ,tsing,老师,理科老师,测试学校,未查到归属地,0,江西,省九江市
tsing/dxlk/2206313,ticket-user,tsing/dxlk,2206313,2022-07-18T22:06:15.76+08:00,2022-07-19T00:06:15+08:00,2022-07-18T22:23:31.21+08:00,"[""{\""basic\"":[[4,2,4,3,2,1,5,4,3,2,4,4,3,1,5,4,3,2,1,5,4,3,2,1,5,4,4,3,2,1,5,4,3,2,5,4,3,2,5,4,3,2,1,4,4,3,1,4,5,3,2,5,4,3,2,5,4,1,5,4,3,4,2,5,4,2,1,5,4,4,3,2,1,4,2,2,4,4,2,4,3,2,1,4,3,4,3,2,1,4,3,2,3,4,4,3,2,1,3,5,4,3,5,4,2,5,4,3,2,4,4,3,5,2,4,3,2,4,3,1,5,4,3,2,5,2,5,4,3,1,4,4,2,3,4,4,2,5,3,4,3,3,2,5,4,2,5,4,2,4,3,2,5,4,3,2,1,4,4,3,2,1,5,4,3,2,4,3,2,4,3,2,1,5,4,3,2,1,5,4,3,2,4,3,2,1,4,3,4,3,2,1,4]]}""]","Mozilla/5.0 (Windows NT 6.1; WOW64) AppleWebKit/537.36 (KHTML, like Gecko) Chrome/81.0.4044.138 Safari/537.36 NetType/WIFI MicroMessenger/7.0.20.1781(0x6700143B) WindowsWechat(0x6307001d)",59.54.20.187,江西省九江市 电信  ,tsing,老师,理科老师,测试学校,未查到归属地,0,江西,省九江市
tsing/dxlk/2206314,ticket-user,tsing/dxlk,2206314,2022-07-18T22:07:09.872+08:00,2022-07-19T00:07:09+08:00,2022-07-18T22:23:46.083+08:00,"[""{\""basic\"":[[4,2,5,4,3,1,5,4,3,1,5,4,3,1,5,4,4,3,1,5,4,3,1,4,3,2,5,1,4,3,1,5,4,2,1,5,4,3,1,5,4,4,2,4,1,5,4,3,1,5,4,2,5,4,1,5,4,1,3,5,1,1,5,4,3,2,5,4,2,5,4,3,1,5,4,3,1,5,4,3,2,5,4,3,2,1,4,4,3,2,1,5,4,4,5,3,1,5,4,2,5,4,1,4,4,4,3,2,4,4,2,4,5,2,5,4,2,4,4,2,5,4,3,2,4,5,4,4,5,5,4,3,5,4,3,5,4,3,5,4,3,5,4,3,5,4,3,5,4,3,5,4,3,2,5,4,3,2,5,4,2,5,4,3,5,4,3,2,4,4,4,4,3,2,4,5,4,3,1,5,4,3,2,5,4,3,2,5,4,3,4,4,2]]}""]","Mozilla/5.0 (Windows NT 10.0; Win64; x64) AppleWebKit/537.36 (KHTML, like Gecko) Chrome/103.0.5060.114 Safari/537.36 Edg/103.0.1264.62",59.54.20.187,江西省九江市 电信  ,tsing,老师,理科老师,测试学校,未查到归属地,0,江西,省九江市
tsing/dxlk/2206315,ticket-user,tsing/dxlk,2206315,2022-07-18T22:40:33.718+08:00,2022-07-19T00:40:33+08:00,2022-07-18T22:52:41.289+08:00,"[""{\""basic\"":[[4,3,2,1,5,4,3,1,5,4,3,1,5,4,3,1,5,4,3,2,5,4,2,4,4,4,1,4,3,1,4,3,1,2,4,5,4,3,5,4,2,5,4,3,5,4,2,4,3,2,5,4,3,2,5,4,3,5,5,1,4,3,2,1,4,3,2,1,4,4,3,2,1,4,3,2,4,3,2,1,4,3,2,4,3,2,5,4,3,2,5,4,3,4,5,4,1,4,3,2,1,5,4,3,2,4,5,4,3,2,5,4,3,2,1,5,4,3,2,4,3,2,1,5,4,3,2,1,5,3,3,2,1,4,3,3,2,1,4,3,3,2,1,5,4,3,2,2,4,4,3,2,5,4,3,3,2,3,2,4,3,4,3,1,3,4,3,2,1,4,3,3,2,1,4,4,2,1,4,3,2,1,5,4,3,2,2,1,5,4,3,3,2]]}""]","Mozilla/5.0 (Windows NT 10.0; Win64; x64) AppleWebKit/537.36 (KHTML, like Gecko) Chrome/103.0.5060.114 Safari/537.36 Edg/103.0.1264.62",59.54.20.187,江西省九江市 电信  ,tsing,老师,理科老师,测试学校,未查到归属地,0,江西,省九江市
tsing/dxlk/2206316,ticket-user,tsing/dxlk,2206316,2022-07-18T22:41:15.687+08:00,2022-07-19T00:41:15+08:00,2022-07-18T22:56:09.549+08:00,"[""{\""basic\"":[[5,4,3,1,5,4,3,2,4,3,1,5,4,4,2,5,4,3,2,1,5,4,3,3,2,5,4,3,2,1,5,4,3,2,2,5,4,3,2,5,4,3,2,5,4,3,2,5,4,3,3,5,4,2,4,1,4,4,3,2,5,4,3,2,1,4,3,2,5,4,3,2,1,4,3,2,5,4,3,1,3,3,2,5,3,2,1,4,3,2,1,5,4,4,3,2,2,5,4,2,4,1,4,3,2,1,3,4,3,2,5,4,3,2,1,5,4,3,2,4,2,4,2,1,4,3,2,4,5,4,3,2,1,4,4,2,2,3,3,1,4,5,4,5,5,4,3,2,1,4,3,2,5,4,3,2,4,5,3,2,1,4,3,2,4,3,2,2,1,4,3,4,2,4,3,2,4,3,2,4,3,2,4,3,2,1,4,3,2,2,1,4,3]]}""]","Mozilla/5.0 (Windows NT 10.0; Win64; x64) AppleWebKit/537.36 (KHTML, like Gecko) Chrome/103.0.0.0 Safari/537.36",59.54.20.187,江西省九江市 电信  ,tsing,老师,理科老师,测试学校,未查到归属地,0,江西,省九江市
tsing/dxlk/2206317,ticket-user,tsing/dxlk,2206317,2022-07-18T22:44:11.632+08:00,2022-07-19T00:44:11+08:00,2022-07-18T22:59:18.732+08:00,"[""{\""basic\"":[[4,2,2,2,1,4,5,4,3,2,5,4,2,4,3,2,1,5,4,3,1,4,4,2,4,3,2,4,2,5,4,3,2,2,4,5,3,2,4,3,5,4,2,5,4,3,4,1,2,4,3,2,4,5,4,3,2,4,5,4,3,2,4,4,3,2,4,4,2,2,4,4,4,2,5,4,4,2,5,4,4,3,2,4,3,2,4,3,2,4,5,4,2,4,5,3,4,2,5,4,3,2,5,4,3,2,5,4,3,2,4,3,2,4,3,2,5,4,3,2,5,4,3,4,3,5,4,3,2,5,4,3,2,5,4,3,2,1,4,3,2,4,3,2,5,4,3,2,5,4,4,3,2,4,3,2,5,4,3,2,5,4,4,3,3,2,1,5,4,4,2,4,5,5,4,3,2,5,4,4,3,2,4,4,3,2,5,4,3,2,5,4,3]]}""]","Mozilla/5.0 (Windows NT 6.1; WOW64) AppleWebKit/537.36 (KHTML, like Gecko) Chrome/81.0.4044.138 Safari/537.36 NetType/WIFI MicroMessenger/7.0.20.1781(0x6700143B) WindowsWechat(0x6307001d)",59.54.20.187,江西省九江市 电信  ,tsing,老师,理科老师,测试学校,未查到归属地,0,江西,省九江市
tsing/dxlk/2206318,ticket-user,tsing/dxlk,2206318,2022-07-18T22:53:22.451+08:00,2022-07-19T00:53:22+08:00,2022-07-18T23:10:49.273+08:00,"[""{\""basic\"":[[4,3,1,5,4,3,2,5,4,3,4,3,5,4,3,2,5,4,3,2,4,3,5,4,3,3,2,5,4,3,5,4,2,2,4,3,2,1,5,4,3,2,5,4,2,3,5,4,3,2,5,4,2,1,4,4,2,5,4,3,2,1,5,4,3,2,1,5,4,3,2,5,4,3,1,4,4,4,1,5,4,3,2,1,4,2,1,4,3,3,3,1,3,4,4,3,1,4,3,3,5,4,3,5,4,3,2,4,3,2,4,3,2,4,3,2,4,3,5,4,3,5,4,4,3,4,5,4,3,4,3,4,5,5,4,3,4,4,2,3,4,3,3,2,4,3,3,4,4,2,4,4,3,2,5,3,2,4,3,2,4,5,4,3,2,4,3,2,4,4,2,4,3,2,4,3,2,4,5,4,3,2,4,3,3,2,4,4,2,4,3,2,4]]}""]","Mozilla/5.0 (Windows NT 10.0; Win64; x64) AppleWebKit/537.36 (KHTML, like Gecko) Chrome/103.0.5060.114 Safari/537.36 Edg/103.0.1264.62",59.54.20.187,江西省九江市 电信  ,tsing,老师,理科老师,测试学校,未查到归属地,0,江西,省九江市
tsing/dxlk/2206319,ticket-user,tsing/dxlk,2206319,2022-07-18T22:56:39.783+08:00,2022-07-19T00:56:39+08:00,2022-07-18T23:13:22.27+08:00,"[""{\""basic\"":[[4,3,2,1,5,4,3,2,1,5,1,4,2,3,2,1,5,4,3,3,1,5,4,3,2,4,4,5,4,4,3,5,1,2,5,4,3,5,4,3,4,4,3,1,4,3,4,4,3,2,5,3,1,5,4,3,2,5,4,3,2,1,5,4,1,3,2,4,4,2,5,4,3,3,2,4,3,2,4,3,2,4,1,3,2,4,3,3,2,4,3,1,4,4,2,4,2,4,3,2,4,3,4,1,2,5,4,3,1,4,3,2,4,3,1,4,3,2,5,4,3,2,5,4,3,2,4,1,2,4,3,2,4,3,2,4,3,2,4,1,2,4,3,2,4,2,4,2,4,3,2,4,3,2,3,4,3,4,3,2,4,3,2,3,5,1,4,3,2,4,3,5,4,3,5,4,3,5,4,3,5,4,3,5,4,3,5,4,3,5,4,3,2]]}""]","Mozilla/5.0 (Windows NT 10.0; Win64; x64) AppleWebKit/537.36 (KHTML, like Gecko) Chrome/103.0.0.0 Safari/537.36",59.54.20.187,江西省九江市 电信  ,tsing,老师,理科老师,测试学校,未查到归属地,0,江西,省九江市
tsing/dxlk/2206320,ticket-user,tsing/dxlk,2206320,2022-07-18T23:00:18.124+08:00,2022-07-19T01:00:18+08:00,2022-07-18T23:15:38.007+08:00,"[""{\""basic\"":[[4,3,2,5,4,3,1,5,4,3,2,4,4,3,2,1,5,4,2,4,3,1,5,4,4,2,4,4,4,2,4,3,2,2,4,5,1,5,4,3,2,5,4,2,5,4,2,5,4,2,2,5,4,1,5,4,3,2,1,5,4,3,2,1,5,4,3,2,5,4,2,5,4,4,2,2,1,5,4,3,2,1,5,4,3,2,1,5,4,3,4,3,1,4,4,2,1,5,4,3,2,1,5,4,3,3,4,2,5,4,1,5,4,3,2,5,5,1,5,4,3,1,5,4,3,4,3,2,1,5,4,3,2,5,4,3,2,1,4,3,1,4,3,2,4,3,5,5,4,2,2,5,4,3,5,4,2,5,4,3,2,5,4,3,2,5,4,2,1,4,4,4,3,2,5,4,3,2,5,4,1,5,4,3,2,5,4,3,2,5,1,5,3]]}""]","Mozilla/5.0 (Windows NT 6.1; WOW64) AppleWebKit/537.36 (KHTML, like Gecko) Chrome/81.0.4044.138 Safari/537.36 NetType/WIFI MicroMessenger/7.0.20.1781(0x6700143B) WindowsWechat(0x6307001d)",59.54.20.187,江西省九江市 电信  ,tsing,老师,理科老师,测试学校,未查到归属地,0,江西,省九江市
tsing/dxlk/2206321,ticket-user,tsing/dxlk,2206321,2022-07-19T22:32:34.138+08:00,2022-07-20T00:32:34+08:00,2022-07-19T22:56:40.659+08:00,"[""{\""basic\"":[[3,2,2,1,2,3,4,2,3,1,5,5,1,4,4,2,2,1,2,5,4,5,1,5,1,3,5,5,1,5,1,5,1,2,5,5,5,5,1,4,2,4,1,4,4,1,1,4,1,4,5,1,3,2,4,1,3,1,3,2,4,1,4,1,4,1,3,1,4,1,4,5,1,3,1,4,2,4,2,1,4,5,1,4,1,4,5,4,2,5,5,1,3,4,5,5,4,1,4,5,5,1,2,3,4,2,2,3,1,5,2,4,5,5,5,5,1,4,4,2,5,5,1,4,1,4,4,5,5,3,5,5,1,4,4,1,4,1,4,1,4,1,5,2,4,5,2,1,3,2,1,1,2,4,1,5,4,1,2,4,3,2,1,3,2,2,3,2,1,2,3,1,2,1,2,4,5,1,3,1,3,1,2,4,2,4,2,2,4,2,2,2,4]]}""]","Mozilla/5.0 (Linux; Android 11; HD1900 Build/RKQ1.201022.002; wv) AppleWebKit/537.36 (KHTML, like Gecko) Version/4.0 Chrome/86.0.4240.99 XWEB/4267 MMWEBSDK/20220604 Mobile Safari/537.36 MMWEBID/6994 MicroMessenger/8.0.24.2180(0x280018AE) WeChat/arm64 Weixin NetType/WIFI Language/zh_CN ABI/arm64",117.139.132.117,四川省成都市 移动  ,tsing,老师,理科老师,测试学校,未查到归属地,0,四川,省九江市
tsing/dxrw/2206601,ticket-user,tsing/dxrw,2206601,2022-07-16T00:16:22.398+08:00,2022-07-16T02:16:22+08:00,2022-07-16T00:36:28.303+08:00,"[""{\""basic\"":[[4,5,2,3,3,3,4,3,3,5,5,1,5,5,3,3,2,4,2,5,5,5,5,5,5,5,3,3,5,5,5,2,4,2,2,4,2,2,5,5,2,3,4,5,1,2,3,5,4,4,4,2,4,3,2,5,5,5,3,3,2,1,3,2,1,2,1,4,1,2,2,3,1,1,2,5,1,5,2,1,3,2,3,2,5,4,1,4,2,3,2,4,4,4,1,3,5,5,3,4,5,2,4,3,3,3,3,2,3,4,3,2,3,2,2,4,2,4,2,1,2,3,2,2,4,2,1,3,4,1,2,4,2,3,4,5,4,1,3,5,5,5,2,3,2,1,3,1,2,1,4,2,2,2,3,2,5,3,4,2,3,4,2,3,4,2,3,3,2,4,1,2,4,2,3,3,1,1,4,2,5,3,2,3,4,3,5,5,5,5,2,3,2]]}""]","Mozilla/5.0 (Linux; Android 11; M2012K11AG Build/RKQ1.200826.002; wv) AppleWebKit/537.36 (KHTML, like Gecko) Version/4.0 Chrome/76.0.3809.89 Mobile Safari/537.36 T7/12.20.0.0 SP-engine/2.34.0 baiduboxapp/12.21.0.12 (Baidu; P1 11) NABar/1.0",163.125.36.44,广东省深圳市 联通  ,tsing,老师,人文老师,测试学校,未查到归属地,0,广东,省成都市
tsing/dxrw/2206602,ticket-user,tsing/dxrw,2206602,2022-07-16T00:29:51.116+08:00,2022-07-16T02:29:51+08:00,2022-07-16T00:42:51.457+08:00,"[""{\""basic\"":[[2,4,3,4,4,3,1,2,1,4,2,4,2,5,3,5,2,1,3,4,3,1,5,3,4,1,4,5,1,5,3,3,4,2,1,2,3,4,3,2,2,4,2,4,2,3,4,4,3,2,3,2,1,3,4,1,4,5,2,2,4,1,2,3,1,4,5,4,2,2,3,4,2,3,4,1,4,3,4,2,4,2,2,1,5,4,2,4,1,5,2,3,4,4,2,2,3,4,1,3,2,5,4,3,4,5,3,5,4,1,3,2,4,5,5,5,2,3,2,3,1,4,4,4,1,1,3,4,2,5,2,2,1,4,5,5,4,3,5,1,3,2,3,3,4,2,4,2,3,2,4,3,4,4,2,3,4,3,2,4,1,3,4,3,2,1,3,2,4,4,5,2,3,4,2,1,1,2,4,5,3,4,2,2,1,1,5,5,2,5,3,5,2]]}""]","Mozilla/5.0 (Windows NT 10.0; Win64; x64) AppleWebKit/537.36 (KHTML, like Gecko) Chrome/103.0.5060.114 Safari/537.36 Edg/103.0.1264.49",163.125.36.44,广东省深圳市 联通  ,tsing,老师,人文老师,测试学校,未查到归属地,0,广东,省深圳市
tsing/dxrw/2206603,ticket-user,tsing/dxrw,2206603,2022-07-16T00:30:06.246+08:00,2022-07-16T02:30:06+08:00,2022-07-16T00:43:32.96+08:00,"[""{\""basic\"":[[1,2,4,4,2,3,3,5,4,3,5,1,2,4,2,2,3,2,4,1,5,4,1,4,2,4,1,5,3,4,5,4,1,2,1,2,3,4,3,3,1,2,4,3,2,2,5,3,1,2,5,1,3,5,2,4,4,2,2,3,2,1,4,5,4,3,3,4,2,3,4,1,2,3,3,1,3,4,5,5,1,4,2,5,4,2,4,4,1,4,5,2,5,4,3,2,1,2,4,3,2,3,3,1,4,2,2,3,1,4,1,4,2,2,3,3,4,3,2,2,4,5,2,4,2,4,4,5,1,3,3,4,2,3,3,2,5,3,2,3,3,1,3,5,3,4,2,5,5,1,4,5,1,3,3,4,4,1,3,4,2,5,4,3,2,4,2,3,1,4,1,2,4,4,2,1,3,4,5,3,2,3,5,5,3,2,5,1,1,4,1,4,4]]}""]","Mozilla/5.0 (Windows NT 6.1; WOW64) AppleWebKit/537.36 (KHTML, like Gecko) Chrome/81.0.4044.138 Safari/537.36 NetType/WIFI MicroMessenger/7.0.20.1781(0x6700143B) WindowsWechat(0x6307001d)",163.125.36.44,广东省深圳市 联通  ,tsing,老师,人文老师,测试学校,未查到归属地,0,广东,省深圳市
tsing/dxrw/2206604,ticket-user,tsing/dxrw,2206604,2022-07-18T21:16:03.724+08:00,2022-07-18T23:16:03+08:00,2022-07-18T21:29:17.407+08:00,"[""{\""basic\"":[[4,3,2,5,4,3,5,5,3,1,4,3,2,5,4,2,2,4,3,2,4,2,1,4,3,2,1,4,3,2,5,4,1,2,5,4,3,1,1,4,3,2,1,5,4,3,2,4,3,2,4,3,2,1,4,3,2,1,4,3,2,4,3,2,4,3,2,4,3,1,4,3,2,1,4,3,2,1,4,3,2,1,4,3,2,4,3,1,4,3,2,1,4,4,4,3,1,4,3,2,4,3,2,1,4,3,2,1,4,3,2,2,1,5,4,3,2,5,4,3,4,3,2,1,4,3,1,5,4,3,4,1,4,3,2,4,1,4,3,2,4,4,3,1,4,3,2,1,4,3,2,4,2,2,1,4,3,2,1,4,3,2,1,4,3,2,1,4,4,4,3,2,1,4,3,2,2,4,3,3,1,4,3,1,4,3,2,1,4,3,2,1,4]]}""]","Mozilla/5.0 (iPad; CPU OS 15_5 like Mac OS X) AppleWebKit/605.1.15 (KHTML, like Gecko) Mobile/15E148 MicroMessenger/8.0.25(0x18001927) NetType/WIFI Language/zh_CN",59.54.20.187,江西省九江市 电信  ,tsing,老师,人文老师,测试学校,未查到归属地,0,江西,省深圳市
tsing/dxrw/2206605,ticket-user,tsing/dxrw,2206605,2022-07-18T21:16:16.64+08:00,2022-07-18T23:16:16+08:00,2022-07-18T21:40:20.708+08:00,"[""{\""basic\"":[[4,3,2,4,4,3,2,4,1,4,3,2,4,1,4,3,1,4,3,1,4,3,1,5,4,3,2,1,4,3,2,5,4,2,5,4,3,2,1,5,4,3,2,1,5,4,3,2,4,3,1,5,4,3,2,1,5,4,3,1,4,3,2,1,5,4,2,4,3,2,1,5,4,3,1,4,3,1,5,4,3,2,2,1,5,4,3,2,4,4,4,2,4,4,1,4,3,3,2,1,4,4,3,2,1,5,4,4,3,2,1,4,4,3,1,5,4,3,1,4,3,1,4,3,2,1,5,4,3,2,4,3,4,2,1,4,3,2,1,4,3,2,1,5,4,3,1,4,3,2,1,4,3,2,1,4,3,2,1,4,3,2,1,5,3,3,1,5,4,4,5,1,4,2,1,5,4,3,1,5,4,3,2,1,4,3,2,1,5,4,3,4,1]]}""]","Mozilla/5.0 (Macintosh; Intel Mac OS X 10_15_6) AppleWebKit/605.1.15 (KHTML, like Gecko) Version/15.5 Safari/605.1.15",59.54.20.187,江西省九江市 电信  ,tsing,老师,人文老师,测试学校,未查到归属地,0,江西,省九江市
tsing/dxrw/2206606,ticket-user,tsing/dxrw,2206606,2022-07-18T21:16:36.337+08:00,2022-07-18T23:16:36+08:00,2022-07-18T21:40:48.534+08:00,"[""{\""basic\"":[[5,4,2,1,5,4,3,2,1,4,4,3,2,1,4,2,3,1,4,3,2,1,5,3,4,3,1,4,3,2,1,4,3,2,4,5,1,5,4,3,3,1,5,4,3,2,1,4,3,4,1,4,2,5,4,3,1,5,4,3,4,3,1,4,3,3,2,1,5,4,3,2,1,5,4,3,2,5,1,4,3,1,5,4,3,1,5,4,3,2,1,4,4,4,2,5,4,3,1,5,4,3,4,2,4,2,1,5,4,3,2,5,4,4,3,1,5,4,3,2,5,4,1,5,4,2,5,1,4,3,2,4,2,1,5,4,3,2,1,5,4,3,2,5,4,3,1,5,3,2,5,4,2,5,4,3,2,1,5,4,3,2,3,5,4,3,1,5,4,4,3,1,5,4,3,2,1,5,4,3,2,5,4,4,2,5,4,2,1,5,4,3,2]]}""]","Mozilla/5.0 (iPad; CPU OS 15_5 like Mac OS X) AppleWebKit/601.1.46 (KHTML, like Gecko) Mobile/19F77 Quark/4.7.3.32 Mobile",59.54.20.187,江西省九江市 电信  ,tsing,老师,人文老师,测试学校,未查到归属地,0,江西,省九江市
tsing/dxrw/2206607,ticket-user,tsing/dxrw,2206607,2022-07-18T21:29:45.777+08:00,2022-07-18T23:29:45+08:00,2022-07-18T21:42:50.973+08:00,"[""{\""basic\"":[[2,3,4,2,3,3,2,4,2,4,5,2,5,4,2,5,5,4,4,2,4,5,2,5,3,5,4,5,2,3,2,4,3,2,3,4,2,3,4,2,4,3,2,1,3,3,4,2,3,1,2,5,4,2,4,2,1,5,4,3,2,3,2,4,2,4,2,4,4,3,5,3,3,2,4,5,5,5,5,2,5,2,5,4,2,4,4,2,4,3,5,2,3,4,2,5,4,2,4,2,5,5,2,2,5,2,5,2,3,4,2,3,4,2,4,2,1,2,3,4,4,5,2,2,5,2,4,2,3,4,3,4,1,5,3,4,3,4,3,2,5,4,2,5,2,3,4,3,2,4,5,1,2,4,1,5,2,5,4,5,2,4,5,4,3,2,5,2,5,4,3,4,2,4,3,1,3,2,3,4,2,4,2,4,2,3,2,5,4,3,3,4,3]]}""]","Mozilla/5.0 (iPad; CPU OS 15_5 like Mac OS X) AppleWebKit/605.1.15 (KHTML, like Gecko) Mobile/15E148 MicroMessenger/8.0.25(0x18001927) NetType/WIFI Language/zh_CN",59.54.20.187,江西省九江市 电信  ,tsing,老师,人文老师,测试学校,未查到归属地,0,江西,省九江市
tsing/dxrw/2206608,ticket-user,tsing/dxrw,2206608,2022-07-18T21:41:56.362+08:00,2022-07-18T23:41:56+08:00,2022-07-18T22:00:36.2+08:00,"[""{\""basic\"":[[3,2,3,5,4,2,4,2,3,4,5,5,4,5,2,3,4,2,4,2,3,4,5,4,3,5,3,5,2,1,4,3,2,2,3,2,1,4,1,3,4,3,2,4,3,2,1,3,2,3,4,5,3,2,3,4,2,4,3,4,2,3,4,2,4,4,3,4,5,4,5,4,4,3,2,1,3,2,3,2,5,3,5,4,2,5,1,4,1,4,2,4,2,4,4,4,3,5,4,2,1,4,1,2,4,2,5,3,4,4,3,2,5,4,3,2,1,3,1,4,3,4,2,2,1,4,5,3,3,3,5,2,3,4,4,5,2,3,4,3,2,1,4,3,4,5,2,3,2,4,3,3,5,2,1,4,5,3,5,3,4,1,5,5,3,4,4,3,2,4,5,4,3,2,5,5,2,4,3,1,2,4,2,5,3,2,4,4,3,2,4,2,5]]}""]","Mozilla/5.0 (iPad; CPU OS 15_5 like Mac OS X) AppleWebKit/601.1.46 (KHTML, like Gecko) Mobile/19F77 Quark/4.7.3.32 Mobile",59.54.20.187,江西省九江市 电信  ,tsing,老师,人文老师,测试学校,未查到归属地,0,江西,省九江市
tsing/dxrw/2206609,ticket-user,tsing/dxrw,2206609,2022-07-18T21:42:13.724+08:00,2022-07-18T23:42:13+08:00,2022-07-18T22:01:37.501+08:00,"[""{\""basic\"":[[2,2,1,4,3,3,3,2,2,1,5,3,4,4,5,2,3,1,3,1,3,5,4,5,2,5,4,4,4,4,3,2,4,2,2,4,2,4,3,2,2,3,1,1,2,4,5,4,4,4,5,4,4,2,4,2,3,4,5,4,2,2,1,3,1,2,2,4,1,4,5,4,5,4,4,3,5,2,2,4,4,5,3,3,2,4,4,2,2,2,5,4,2,4,3,2,3,5,4,2,3,5,5,4,5,3,5,4,5,1,3,2,4,3,3,4,2,5,4,4,3,4,5,4,5,4,5,2,3,5,4,5,4,5,5,4,3,5,5,2,2,3,3,1,4,1,2,3,5,3,3,4,3,3,2,2,3,1,5,1,5,4,4,2,2,1,1,1,3,4,2,4,2,5,4,3,5,3,3,2,2,5,2,5,4,4,2,4,5,2,5,4,4]]}""]","Mozilla/5.0 (Macintosh; Intel Mac OS X 10_15_6) AppleWebKit/605.1.15 (KHTML, like Gecko) Version/15.5 Safari/605.1.15",59.54.20.187,江西省九江市 电信  ,tsing,老师,人文老师,测试学校,未查到归属地,0,江西,省九江市
tsing/dxrw/2206610,ticket-user,tsing/dxrw,2206610,2022-07-18T22:03:22.823+08:00,2022-07-19T00:03:22+08:00,2022-07-18T22:15:57.747+08:00,"[""{\""basic\"":[[2,2,1,2,1,3,3,2,5,2,3,1,2,1,2,4,3,1,4,1,3,2,3,4,3,4,2,2,3,4,4,3,2,2,3,2,4,2,1,2,1,3,3,4,2,4,4,2,4,2,4,3,4,4,3,4,3,4,4,4,2,5,2,4,2,3,5,3,4,2,4,1,4,5,3,4,2,2,5,2,3,3,4,5,5,2,4,2,3,4,5,4,5,4,4,3,4,5,3,5,4,4,2,3,4,3,4,4,2,2,4,2,5,3,3,4,3,3,3,2,4,1,3,4,4,5,4,2,5,5,4,3,2,5,4,2,4,3,5,4,4,5,5,3,2,5,2,4,5,5,3,5,2,3,2,2,5,4,4,4,4,2,4,5,3,2,1,3,2,4,3,2,3,1,4,4,4,3,2,4,4,3,2,4,1,2,3,2,4,5,4,5,5]]}""]","Mozilla/5.0 (iPad; CPU OS 15_5 like Mac OS X) AppleWebKit/605.1.15 (KHTML, like Gecko) Mobile/15E148 MicroMessenger/8.0.25(0x18001927) NetType/WIFI Language/zh_CN",59.54.20.187,江西省九江市 电信  ,tsing,老师,人文老师,测试学校,未查到归属地,0,江西,省九江市
tsing/dxrw/2206611,ticket-user,tsing/dxrw,2206611,2022-07-18T22:04:07.442+08:00,2022-07-19T00:04:07+08:00,2022-07-18T22:18:10.149+08:00,"[""{\""basic\"":[[3,2,3,4,2,3,2,4,4,4,4,5,4,1,1,5,3,4,3,2,3,4,3,4,4,5,4,1,5,3,5,1,2,2,4,3,3,1,2,2,2,4,1,4,2,4,3,2,5,1,5,3,1,5,1,3,2,2,5,3,1,1,2,1,5,1,5,4,5,4,2,2,3,4,3,4,3,1,2,3,2,4,4,4,5,4,4,3,4,3,5,5,4,4,5,3,4,4,5,4,2,2,2,4,3,4,4,5,3,2,2,4,2,5,2,4,2,2,1,1,1,4,2,2,2,1,4,4,5,4,4,5,5,5,4,3,4,5,3,2,2,5,4,2,4,2,4,3,2,4,5,4,3,2,5,3,4,4,2,3,2,2,4,2,4,4,2,4,2,4,4,3,5,5,2,3,5,5,4,2,5,2,4,2,2,4,4,3,4,3,3,5,4]]}""]","Mozilla/5.0 (iPad; CPU OS 15_5 like Mac OS X) AppleWebKit/601.1.46 (KHTML, like Gecko) Mobile/19F77 Quark/4.7.3.32 Mobile",59.54.20.187,江西省九江市 电信  ,tsing,老师,人文老师,测试学校,未查到归属地,0,江西,省九江市
tsing/dxrw/2206612,ticket-user,tsing/dxrw,2206612,2022-07-18T22:05:04.395+08:00,2022-07-19T00:05:04+08:00,2022-07-18T22:19:12.496+08:00,"[""{\""basic\"":[[3,4,2,3,2,1,1,2,2,3,3,4,2,5,1,2,1,5,2,2,1,1,4,2,5,4,1,1,2,1,2,5,4,2,2,5,4,3,1,3,4,4,2,1,3,4,3,2,1,2,2,4,2,4,2,1,4,4,3,2,2,2,2,2,1,3,3,5,4,5,4,2,4,2,4,3,3,2,2,4,2,4,3,4,2,3,2,4,4,4,4,3,2,4,2,4,2,3,5,3,2,4,5,5,5,5,5,1,1,3,1,4,5,4,2,2,1,3,1,4,3,4,3,4,3,4,5,4,2,2,4,5,4,4,4,2,2,4,2,2,1,2,2,5,3,3,2,3,3,3,1,3,2,4,2,4,2,4,3,2,4,2,3,2,3,2,4,3,3,4,5,3,4,4,2,4,4,5,2,4,3,3,4,2,3,3,4,5,2,1,2,4,3]]}""]","Mozilla/5.0 (Macintosh; Intel Mac OS X 10_15_6) AppleWebKit/605.1.15 (KHTML, like Gecko) Version/15.5 Safari/605.1.15",59.54.20.187,江西省九江市 电信  ,tsing,老师,人文老师,测试学校,未查到归属地,0,江西,省九江市
tsing/dxrw/2206613,ticket-user,tsing/dxrw,2206613,2022-07-18T22:16:47.927+08:00,2022-07-19T00:16:47+08:00,2022-07-18T22:34:36.972+08:00,"[""{\""basic\"":[[2,4,2,4,5,4,5,3,2,2,4,4,3,4,4,2,2,2,1,2,4,4,5,4,3,4,4,3,2,3,4,2,2,2,4,5,3,2,5,3,2,4,3,5,3,1,1,2,1,4,3,2,3,2,5,3,2,5,2,1,3,2,1,1,2,5,3,5,4,2,5,4,2,5,4,4,3,2,5,3,5,4,2,5,3,4,2,5,5,3,4,2,4,4,5,3,5,5,3,4,4,3,4,2,2,4,3,2,4,2,3,3,3,4,2,1,1,4,2,1,4,2,3,4,2,4,4,4,4,4,4,4,4,5,5,5,4,3,2,4,1,4,3,2,2,5,4,1,4,4,2,2,4,4,4,3,4,3,2,5,2,2,3,5,1,2,1,4,2,4,2,3,2,1,4,5,3,3,3,2,3,4,2,2,3,2,2,4,1,1,2,3,3]]}""]","Mozilla/5.0 (iPad; CPU OS 15_5 like Mac OS X) AppleWebKit/605.1.15 (KHTML, like Gecko) Mobile/15E148 MicroMessenger/8.0.25(0x18001927) NetType/WIFI Language/zh_CN",59.54.20.187,江西省九江市 电信  ,tsing,老师,人文老师,测试学校,未查到归属地,0,江西,省九江市
tsing/dxrw/2206614,ticket-user,tsing/dxrw,2206614,2022-07-18T22:22:01.99+08:00,2022-07-19T00:22:01+08:00,2022-07-18T22:39:05.145+08:00,"[""{\""basic\"":[[4,3,2,1,4,4,2,4,3,1,4,3,2,5,2,5,2,5,4,3,1,4,4,3,5,3,4,4,1,5,4,3,1,2,5,4,3,2,5,4,3,2,1,5,4,3,2,1,5,4,3,1,5,4,3,1,5,4,3,2,5,4,3,1,5,4,3,2,1,4,3,2,5,4,2,4,1,4,3,1,5,4,3,2,1,5,4,3,2,1,4,3,4,4,3,1,4,3,2,1,5,4,3,1,4,3,2,1,5,4,3,1,5,4,3,2,5,4,4,2,1,5,4,3,2,5,4,1,4,4,1,5,4,3,1,5,4,3,2,1,5,4,3,1,5,4,3,2,1,5,4,3,1,5,4,3,1,5,4,3,2,5,4,3,4,2,5,4,2,4,4,2,4,1,5,4,3,5,4,2,4,2,5,4,1,4,1,5,4,3,1,4,3]]}""]","Mozilla/5.0 (Macintosh; Intel Mac OS X 10_15_6) AppleWebKit/605.1.15 (KHTML, like Gecko) Version/15.5 Safari/605.1.15",59.54.20.187,江西省九江市 电信  ,tsing,老师,人文老师,测试学校,未查到归属地,0,江西,省九江市
tsing/dxrw/2206615,ticket-user,tsing/dxrw,2206615,2022-07-18T22:22:30.238+08:00,2022-07-19T00:22:30+08:00,2022-07-18T22:36:29.71+08:00,"[""{\""basic\"":[[3,4,4,3,5,4,1,2,4,4,2,5,3,2,2,2,4,2,5,4,3,2,4,3,4,2,4,2,5,1,1,4,2,2,4,2,3,2,1,1,4,3,2,3,2,4,2,4,3,3,4,4,2,2,4,3,4,4,3,4,4,4,3,5,4,2,3,4,1,2,2,5,2,2,4,4,5,3,2,3,5,2,2,3,4,2,3,3,4,4,3,3,1,4,2,5,5,4,2,4,3,3,5,4,3,3,2,4,2,4,4,3,2,4,4,3,4,3,3,5,4,3,5,2,3,3,4,3,2,4,4,4,3,5,4,5,4,2,4,5,4,4,4,3,4,3,3,2,5,4,2,1,5,4,3,2,5,4,3,1,5,4,2,5,4,3,1,5,4,4,4,3,1,5,4,4,4,2,1,4,3,2,5,4,3,2,4,4,3,2,4,3,2]]}""]","Mozilla/5.0 (iPad; CPU OS 15_5 like Mac OS X) AppleWebKit/601.1.46 (KHTML, like Gecko) Mobile/19F77 Quark/4.7.3.32 Mobile",59.54.20.187,江西省九江市 电信  ,tsing,老师,人文老师,测试学校,未查到归属地,0,江西,省九江市
tsing/dxrw/2206616,ticket-user,tsing/dxrw,2206616,2022-07-18T22:35:06.213+08:00,2022-07-19T00:35:06+08:00,2022-07-18T22:46:30.548+08:00,"[""{\""basic\"":[[4,3,1,5,4,3,2,5,4,3,2,1,5,4,4,3,2,1,4,3,2,1,4,3,5,4,2,5,4,3,2,4,5,2,2,4,1,3,3,2,1,5,4,3,5,4,3,1,5,4,2,4,4,3,1,5,4,3,2,5,4,3,1,5,4,2,5,4,1,5,4,1,5,4,3,1,4,3,2,1,4,4,2,1,5,4,3,1,4,3,1,4,4,4,3,1,5,4,3,1,4,3,1,5,4,3,1,5,4,3,2,1,5,4,3,2,1,4,4,3,2,1,5,4,3,1,4,3,2,1,4,3,2,1,5,4,3,1,4,3,2,1,4,3,2,1,4,3,1,5,4,3,2,1,4,3,2,1,4,4,2,5,4,3,2,4,1,4,4,4,1,5,4,3,2,5,4,3,4,3,2,5,4,2,4,3,2,5,1,4,3,2,5]]}""]","Mozilla/5.0 (iPad; CPU OS 15_5 like Mac OS X) AppleWebKit/605.1.15 (KHTML, like Gecko) Mobile/15E148 MicroMessenger/8.0.25(0x18001927) NetType/WIFI Language/zh_CN",59.54.20.187,江西省九江市 电信  ,tsing,老师,人文老师,测试学校,未查到归属地,0,江西,省九江市
tsing/dxrw/2206617,ticket-user,tsing/dxrw,2206617,2022-07-18T22:36:54.798+08:00,2022-07-19T00:36:54+08:00,2022-07-18T22:49:12.253+08:00,"[""{\""basic\"":[[4,3,1,5,4,3,2,1,5,4,3,2,5,4,3,1,5,4,3,2,5,4,2,1,5,4,3,2,5,4,3,2,5,2,3,2,4,4,1,5,4,3,2,1,4,3,2,5,4,2,1,4,3,4,2,5,4,2,5,1,4,3,2,4,1,4,3,2,4,4,3,2,5,4,4,5,3,2,4,3,2,4,3,2,4,1,5,4,3,2,4,3,4,4,4,3,2,5,4,3,1,5,4,3,1,5,4,3,2,5,4,3,2,4,3,1,5,4,3,2,5,4,3,3,2,1,4,3,2,4,4,2,1,4,3,2,4,1,3,4,3,2,4,3,1,4,3,2,4,4,2,4,3,2,1,5,3,2,4,3,1,4,3,1,4,3,2,1,4,4,3,2,1,4,3,2,1,4,3,2,3,2,4,3,1,5,4,3,4,2,5,4,3]]}""]","Mozilla/5.0 (iPad; CPU OS 15_5 like Mac OS X) AppleWebKit/601.1.46 (KHTML, like Gecko) Mobile/19F77 Quark/4.7.3.32 Mobile",59.54.20.187,江西省九江市 电信  ,tsing,老师,人文老师,测试学校,未查到归属地,0,江西,省九江市
tsing/dxrw/2206618,ticket-user,tsing/dxrw,2206618,2022-07-18T22:39:46.397+08:00,2022-07-19T00:39:46+08:00,2022-07-18T23:03:49.349+08:00,"[""{\""basic\"":[[4,3,1,3,4,3,2,5,4,3,2,5,4,3,2,1,5,4,3,2,1,5,4,3,2,1,5,4,3,2,1,5,4,2,5,4,2,4,3,2,1,5,4,3,2,5,4,3,2,1,5,4,3,2,1,5,4,3,2,4,2,4,1,5,4,4,3,1,5,4,3,2,1,5,4,3,2,5,2,4,4,2,4,3,1,4,3,2,5,4,3,1,4,4,3,1,5,4,3,2,5,3,4,4,3,2,1,5,4,3,2,4,5,4,4,2,4,4,3,4,2,5,4,2,4,3,2,5,4,2,5,4,3,2,5,4,3,2,5,4,1,5,4,3,2,5,4,1,5,4,3,2,1,5,4,3,2,2,1,5,4,3,2,5,4,3,2,5,4,4,2,1,5,4,3,2,1,5,4,3,2,1,5,4,3,2,1,4,3,2,4,3,2]]}""]","Mozilla/5.0 (Macintosh; Intel Mac OS X 10_15_6) AppleWebKit/605.1.15 (KHTML, like Gecko) Version/15.5 Safari/605.1.15",59.54.20.187,江西省九江市 电信  ,tsing,老师,人文老师,测试学校,未查到归属地,0,江西,省九江市
tsing/dxrw/2206619,ticket-user,tsing/dxrw,2206619,2022-07-18T22:46:47.147+08:00,2022-07-19T00:46:47+08:00,2022-07-18T23:05:54.739+08:00,"[""{\""basic\"":[[4,3,2,1,5,4,3,2,5,4,3,2,5,4,4,2,5,4,3,2,4,3,2,5,4,2,5,4,3,5,4,3,5,2,5,4,3,5,4,2,5,4,3,5,4,3,2,4,4,2,5,4,2,5,4,3,2,5,4,3,2,4,1,5,4,3,2,5,4,3,1,5,4,3,2,1,5,4,3,2,5,4,3,1,5,4,3,2,1,5,4,3,2,4,2,4,3,2,5,4,3,2,1,5,4,3,2,1,5,4,3,2,1,5,4,3,2,1,5,4,3,2,1,5,4,3,2,5,4,3,2,1,5,4,4,3,2,1,5,4,3,2,4,4,3,3,2,5,4,3,5,4,2,3,4,3,4,3,2,1,5,4,3,2,5,4,4,3,2,4,4,2,1,5,4,3,4,3,2,5,4,3,2,5,4,2,1,5,4,3,2,5,4]]}""]","Mozilla/5.0 (iPad; CPU OS 15_5 like Mac OS X) AppleWebKit/605.1.15 (KHTML, like Gecko) Mobile/15E148 MicroMessenger/8.0.25(0x18001927) NetType/WIFI Language/zh_CN",59.54.20.187,江西省九江市 电信  ,tsing,老师,人文老师,测试学校,未查到归属地,0,江西,省九江市
tsing/dxrw/2206620,ticket-user,tsing/dxrw,2206620,2022-07-18T22:49:32.088+08:00,2022-07-19T00:49:32+08:00,2022-07-18T23:07:54.231+08:00,"[""{\""basic\"":[[4,2,4,5,4,2,4,1,3,1,5,4,3,1,5,4,3,1,4,3,2,4,1,3,2,1,5,4,4,2,2,1,2,2,4,3,2,5,4,3,2,5,4,3,5,4,3,4,3,2,4,4,3,2,4,4,4,4,3,2,5,4,3,2,5,4,3,3,2,4,3,2,4,3,2,5,4,3,2,1,5,4,3,3,4,3,2,5,4,3,2,4,3,4,4,3,2,4,3,2,3,4,3,2,1,4,3,2,5,4,3,2,1,4,3,2,1,4,3,2,4,3,2,4,2,4,4,3,2,4,3,2,1,4,5,3,4,3,4,2,5,4,4,2,4,4,2,5,4,3,2,5,4,3,2,5,4,4,3,2,5,4,3,2,5,4,3,2,4,4,5,4,4,3,2,5,4,3,2,5,4,3,2,5,4,3,4,2,4,3,2,4,3]]}""]","Mozilla/5.0 (iPad; CPU OS 15_5 like Mac OS X) AppleWebKit/601.1.46 (KHTML, like Gecko) Mobile/19F77 Quark/4.7.3.32 Mobile",59.54.20.187,江西省九江市 电信  ,tsing,老师,人文老师,测试学校,未查到归属地,0,江西,省九江市
tsing/dxrw/2206621,ticket-user,tsing/dxrw,2206621,2022-07-19T20:26:38.408+08:00,2022-07-19T22:26:38+08:00,,"[""{\""basic\"":[[2,1,2,1,1,2,2,1,2,2,3,3,4,3,1,1,3,2,2,3,3,4,5,4,3,3,4,4,4,2,1,1,2,2,2,1,1,1,3,2,2,2,1,1,1,2,2,1,1,1,3,4,2,2,3,2,1,5,5,3,1,2,3,2,2,3,3,4,4,4,4,2,1,3,3,4,4,3,4,5,2,3,3,3,4,4,5,3,4,5,5,2,2,4,2,4,4,5,4,4,4,2,4,5,4,4,4,2,2,4,2,4,4,2,4,3,1,3,1,2,3,2,1,1,1,2,3,4,4,4,3,4,4,4,4,3,3,3,3,1,1,1,2,2,3,3,2,2,4,4,3,2,2,2,3,2,5,5,5,4,4,3,3,5,5,3,4,3,3,4,2,1,2,3,1,5,4,2,1,1,2,2,2,3,5,4,3,3,4,4,3,3,4]]}""]","Mozilla/5.0 (iPhone; CPU iPhone OS 15_5 like Mac OS X) AppleWebKit/605.1.15 (KHTML, like Gecko) Mobile/15E148 MicroMessenger/8.0.25(0x18001928) NetType/WIFI Language/zh_CN",221.219.97.199,北京市丰台区 联通  ,tsing,老师,人文老师,测试学校,未查到归属地,0,北京,省九江市
tsing/dxrw/2206622,ticket-user,tsing/dxrw,2206622,2022-07-19T21:39:56.385+08:00,2022-07-19T23:39:56+08:00,2022-07-19T21:51:41.165+08:00,"[""{\""basic\"":[[3,2,2,1,2,1,3,3,3,2,5,4,4,5,3,4,3,2,3,3,3,4,5,5,5,4,5,5,3,3,2,3,2,2,2,2,1,3,3,1,2,1,3,3,3,2,1,2,3,2,4,5,2,2,1,3,1,5,5,3,2,3,2,1,3,2,4,5,5,5,4,2,3,5,4,4,5,3,4,3,2,4,4,4,5,5,4,4,5,5,5,3,4,4,3,5,5,5,4,3,3,5,4,5,5,4,5,2,1,5,2,4,5,4,4,5,1,2,2,3,4,3,2,2,2,4,5,4,3,5,4,5,3,4,5,5,4,3,3,2,2,3,3,3,4,5,3,1,4,5,5,5,1,3,4,4,5,5,5,4,5,4,4,5,5,4,5,2,5,4,5,2,2,3,2,4,5,3,3,2,3,2,2,3,3,2,3,3,3,4,5,4,5]]}""]","Mozilla/5.0 (iPhone; CPU iPhone OS 15_5 like Mac OS X) AppleWebKit/605.1.15 (KHTML, like Gecko) Mobile/15E148 MicroMessenger/8.0.25(0x18001927) NetType/WIFI Language/zh_CN",223.98.151.87,山东省济南市 移动  ,tsing,老师,人文老师,测试学校,未查到归属地,0,山东,市丰台区
tsing/dxrw/2206623,ticket-user,tsing/dxrw,2206623,2022-07-19T21:48:49.529+08:00,2022-07-19T23:48:49+08:00,,"[""{\""basic\"":[[3,2,3,3,2,4,3,2,3,1,3,4,4,3,1,1,3,2,3,4,4,3,4,2,5,5,4,3,2,4,3,2,1,2,3,4,3,5,5,2,3,2,5,4,4,2,3,2,1,3,4,4,3,2,1,1,1,4,3,5,4,2,1,2,4,3,2,5,4,5,4,2,2,3,4,2,3,4,5,4,3,2,4,2,3,3,4,2,5,4,4,2,1,4,1,5,3,2,3,2,4,1,4,3,3,5,5,2,3,4,3,4,3,2,1,4,1,1,1,2,2,3,3,2,1,1,4,4,3,2,3,5,3,2,5,5,3,1,1,1,1,2,3,4,1,5,3,3,5,2,4,1,1,1,3,3,4,5,5,2,3,3,2,4,4,1,5,1,3,5,2,1,2,5,2,4,3,1,1,1,1,3,3,4,2,1,1,4,5,5,3,3,4]]}""]","Mozilla/5.0 (iPhone; CPU iPhone OS 14_3 like Mac OS X) AppleWebKit/605.1.15 (KHTML, like Gecko) Version/14.0.2 Mobile/15E148 Safari/604.1",221.219.97.199,北京市丰台区 联通  ,tsing,老师,人文老师,测试学校,未查到归属地,0,北京,省济南市
tsing/dxrw/2206624,ticket-user,tsing/dxrw,2206624,2022-07-19T21:51:06.228+08:00,2022-07-19T23:51:06+08:00,2022-07-19T22:14:34.865+08:00,"[""{\""basic\"":[[2,2,2,1,1,1,1,1,1,1,4,4,4,4,1,1,3,1,2,1,1,5,5,5,5,5,5,5,2,2,1,1,1,2,1,1,1,1,1,1,1,1,1,1,1,1,1,2,1,1,4,5,1,1,1,1,1,5,5,3,1,2,1,1,1,2,2,5,4,4,4,1,1,5,4,4,5,3,2,2,1,4,4,4,4,4,4,4,4,4,4,4,4,4,1,5,3,5,5,5,5,5,5,4,4,4,4,1,1,5,1,5,5,3,4,4,1,1,1,2,2,2,1,1,1,2,4,4,5,5,5,5,5,4,5,5,5,5,2,2,2,2,1,1,2,3,1,1,5,5,5,1,1,1,4,4,5,5,5,5,5,4,5,4,4,1,4,1,4,4,4,1,1,3,1,4,4,1,1,1,1,3,2,1,1,1,1,1,3,3,5,5,5]]}""]","Mozilla/5.0 (Linux; Android 10; CLT-AL00 Build/HUAWEICLT-AL00; wv) AppleWebKit/537.36 (KHTML, like Gecko) Version/4.0 Chrome/86.0.4240.99 XWEB/4267 MMWEBSDK/20220604 Mobile Safari/537.36 MMWEBID/3653 MicroMessenger/8.0.24.2180(0x2800183F) WeChat/arm64 Weixin NetType/4G Language/zh_CN ABI/arm64",221.192.180.196,河北省石家庄市 联通 ,tsing,老师,人文老师,测试学校,未查到归属地,0,河北,市丰台区
tsing/dxrw/2206625,ticket-user,tsing/dxrw,2206625,2022-07-19T22:04:21.228+08:00,2022-07-20T00:04:21+08:00,2022-07-19T22:40:41.874+08:00,"[""{\""basic\"":[[1,2,3,5,2,3,4,2,3,4,5,2,2,2,4,3,2,1,2,3,4,5,3,2,1,2,4,5,3,1,2,2,4,4,3,3,2,2,3,3,4,5,4,2,1,1,2,3,4,3,4,5,4,3,2,1,2,2,4,5,4,2,1,4,3,4,5,4,3,2,2,1,3,4,5,4,3,2,1,2,3,4,5,4,3,2,1,2,3,4,5,3,2,3,3,3,3,3,3,1,2,3,3,2,1,3,4,4,1,2,3,4,5,3,2,2,2,3,4,3,4,3,2,1,1,2,3,4,3,2,2,1,2,3,4,4,5,3,2,2,1,2,3,4,5,3,3,2,3,2,1,2,3,4,4,5,3,2,2,1,3,4,4,2,1,3,4,5,3,3,3,1,2,3,4,4,2,3,4,1,2,3,3,4,5,2,3,4,3,5,4,3,2]]}""]","Mozilla/5.0 (iPhone; CPU iPhone OS 15_5 like Mac OS X) AppleWebKit/605.1.15 (KHTML, like Gecko) Mobile/15E148 MicroMessenger/8.0.25(0x18001927) NetType/WIFI Language/zh_CN",113.120.42.117,山东省济南市 电信  ,tsing,老师,人文老师,测试学校,未查到归属地,0,山东,省石家庄市
tsing/dxrw/2206626,ticket-user,tsing/dxrw,2206626,2022-07-19T22:07:38.661+08:00,2022-07-20T00:07:38+08:00,2022-07-19T22:10:27.635+08:00,"[""{\""basic\"":[[2,2,2,2,2,2,2,2,2,2,2,2,2,2,2,2,2,2,2,2,2,2,2,2,2,2,2,2,2,2,2,2,2,2,2,2,2,2,2,2,2,2,2,2,2,2,2,2,2,2,2,2,2,2,2,2,2,2,2,2,2,2,2,2,2,2,2,2,2,2,2,2,2,2,2,2,2,2,2,2,2,2,2,2,2,2,2,2,2,2,2,2,2,2,2,2,2,2,2,2,2,2,2,2,2,2,2,2,2,2,2,2,2,2,2,2,2,2,2,2,2,2,2,2,2,2,2,2,2,2,2,2,2,2,2,2,2,2,2,2,2,2,2,2,2,2,2,2,2,2,2,2,2,2,2,2,2,2,2,2,2,2,2,2,2,2,2,2,2,2,2,2,2,2,2,2,2,2,2,2,2,2,2,2,2,2,2,2,2,2,2,2,2]]}""]","Mozilla/5.0 (Linux; Android 11; V1824A Build/RP1A.200720.012; wv) AppleWebKit/537.36 (KHTML, like Gecko) Version/4.0 Chrome/86.0.4240.99 XWEB/4267 MMWEBSDK/20220604 Mobile Safari/537.36 MMWEBID/843 MicroMessenger/8.0.24.2180(0x2800183F) WeChat/arm64 Weixin NetType/WIFI Language/zh_CN ABI/arm64",112.38.124.14,山东省临沂市 移动  ,tsing,老师,人文老师,测试学校,未查到归属地,0,山东,省济南市
tsing/dxrw/2206627,ticket-user,tsing/dxrw,2206627,2022-07-19T22:08:50.819+08:00,2022-07-20T00:08:50+08:00,,"[""{\""basic\"":[[3,2,3,2,2,3,4,3,1,1,5,5,2,4,4,2,2,1,2,4,3,5,5,5,5,5,5,3,2,1,1,4,1,2,1,1,4,2,5,2,3,3,4,4,4,4,4,4,4,4,2,3,2,4,4,3,3,4,5,5,4,2,4,2,4,3,3,3,3,3,2,2,3,3,3,3,3,2,3,3,3,3,5,5,5,5,4,4,2,4,4,4,3,4,5,4,3,3,3,4,3,4,3,3,3,3,5,2,3,3,3,3,3,4,3,4,4,2,3,3,3,3,4,2,2,2,5,3,5,4,3,2,3,4,3,4,3,3,3,3,2,3,3,2,5,4,2,5,2,3,1,2,3,3,3,3,3,3,3,5,3,3,3,4,4,2,4,2,3,4,2,2,5,4,2,3,4,3,5,5,2,3,3,4,3,4,3,4,3,3,3,4,3]]}""]","Mozilla/5.0 (Linux; Android 12; M2102K1AC Build/SKQ1.211006.001; wv) AppleWebKit/537.36 (KHTML, like Gecko) Version/4.0 Chrome/86.0.4240.99 XWEB/4267 MMWEBSDK/20220505 Mobile Safari/537.36 MMWEBID/6935 MicroMessenger/8.0.23.2160(0x28001757) WeChat/arm64 Weixin NetType/WIFI Language/zh_CN ABI/arm64",36.112.187.2,北京市 电信 ,tsing,老师,人文老师,测试学校,未查到归属地,0,北京,省临沂市
tsing/dxrw/2206629,ticket-user,tsing/dxrw,2206629,2022-07-19T22:20:41.749+08:00,2022-07-20T00:20:41+08:00,,"[""{\""basic\"":[[2,2,2,2,2,2,2,2,2,2,4,3,3,4,3,2,3,2,3,2,2,4,4,4,4,4,4,4,4,3,2,2,2,2,2,1,1,1,2,2,2,2,2,2,2,2,2,2,2,2,4,4,2,2,2,2,2,4,4,3,3,2,2,2,2,2,2,4,4,4,3,3,3,4,4,2,4,3,3,3,2,3,4,3,3,3,3,3,4,4,3,3,3,4,3,4,4,4,4,2,4,4,4,4,3,4,4,2,2,4,3,4,4,4,3,4,2,2,2,2,2,2,2,2,2,2,2,2,2,2,3,3,3,4,4,4,4,4,2,3,3,3,3,3,3,2,2,2,2,4,3,3,2,2,4,4,4,4,4,4,4,4,4,4,4,2,3,2,4,4,4,3,3,3,3,4,4,2,2,2,2,2,2,2,2,2,2,2,2,2,2,2,2]]}""]","Mozilla/5.0 (iPhone; CPU iPhone OS 15_4_1 like Mac OS X) AppleWebKit/605.1.15 (KHTML, like Gecko) Mobile/15E148 MicroMessenger/8.0.25(0x18001927) NetType/WIFI Language/zh_CN",175.191.71.47,贵州省贵阳市 长城宽带    ,tsing,老师,人文老师,测试学校,未查到归属地,0,贵州,市
tsing/dxrw/2206630,ticket-user,tsing/dxrw,2206630,2022-07-19T22:25:15.443+08:00,2022-07-20T00:25:15+08:00,2022-07-19T22:46:21.389+08:00,"[""{\""basic\"":[[2,1,2,1,1,1,1,1,1,1,3,3,4,1,1,1,1,1,1,1,3,3,3,3,3,3,3,4,1,1,1,1,1,2,1,1,1,2,1,2,1,1,1,1,1,1,2,1,1,2,2,3,1,1,1,1,2,3,4,3,3,2,1,1,2,2,1,3,3,3,3,1,1,3,2,3,3,2,2,2,2,5,5,5,5,5,5,5,3,5,5,5,5,5,3,5,5,5,5,4,5,2,2,2,2,2,2,2,2,3,1,3,3,1,1,3,2,1,1,1,1,1,1,1,2,1,1,1,1,1,1,1,1,1,5,3,4,3,1,1,1,1,1,1,1,1,1,1,3,3,3,1,1,1,1,3,3,3,3,3,3,2,2,2,4,1,1,1,4,4,1,1,1,1,1,1,1,1,1,1,2,1,2,1,1,1,2,2,1,1,1,1,2]]}""]","Mozilla/5.0 (Linux; Android 12; M2012K11C Build/SKQ1.211006.001; wv) AppleWebKit/537.36 (KHTML, like Gecko) Version/4.0 Chrome/86.0.4240.99 XWEB/4267 MMWEBSDK/20220505 Mobile Safari/537.36 MMWEBID/7261 MicroMessenger/8.0.23.2160(0x28001757) WeChat/arm64 Weixin NetType/4G Language/zh_CN ABI/arm64",218.12.19.37,河北省石家庄市 联通 ,tsing,老师,人文老师,测试学校,未查到归属地,0,河北,省贵阳市
tsing/dxsk/2206901,ticket-user,tsing/dxsk,2206901,2022-07-15T18:20:00.709+08:00,2022-07-15T20:20:00+08:00,2022-07-15T18:35:16.183+08:00,"[""{\""basic\"":[[4,2,4,1,2,3,3,3,2,2,1,1,2,1,2,1,1,2,4,5,5,2,2,3,1,3,3,2,3,3,1,1,2,2,2,2,2,2,4,4,4,3,4,4,5,4,4,3,2,2,2,3,3,3,3,3,2,3,2,5,3,4,4,4,2,4,4,2,2,2,2,2,2,3,1,2,2,4,4,4,3,3,2,2,3,2,2,1,1,1,1,4,3,4,2,2,2,2,2,2,2,3,2,2,2,2,2,4,4,2,5,2,2,1,2,3,3,3,3,3,3,4,3,3,3,3,2,3,3,3,3,2,2,3,2,3,3,3,4,3,3,3,3,4,2,2,4,4,2,2,2,3,3,3,2,3,3,2,3,2,2,2,2,3,2,3,2,4,2,4,2,4,4,4,3,2,2,3,3,3,3,3,3,4,4,4,3,2,3,3,2,2,2]]}""]","Mozilla/5.0 (Linux; Android 10; HarmonyOS; LIO-AN00; HMSCore 6.6.0.312) AppleWebKit/537.36 (KHTML, like Gecko) Chrome/92.0.4515.105 HuaweiBrowser/12.1.1.321 Mobile Safari/537.36",183.236.70.71,广东省广州市 移动  ,tsing,老师,社科老师,测试学校,未查到归属地,0,广东,省石家庄市
tsing/dxsk/2206902,ticket-user,tsing/dxsk,2206902,2022-07-15T19:04:12.13+08:00,2022-07-15T21:04:12+08:00,2022-07-15T19:46:03.856+08:00,"[""{\""basic\"":[[3,2,2,2,1,2,2,2,3,3,4,3,4,4,2,1,4,3,4,3,3,4,4,4,3,4,3,3,3,2,2,2,2,2,4,4,3,4,4,3,3,3,3,3,4,3,2,2,1,2,4,4,2,1,2,4,1,4,4,5,4,3,3,2,2,3,3,4,4,4,4,2,2,3,4,4,4,3,2,3,2,4,3,3,4,3,4,3,3,3,3,4,3,4,3,5,4,4,4,4,4,4,3,4,4,5,4,3,2,4,3,4,4,4,4,5,1,1,1,3,2,3,2,2,2,3,3,3,3,3,2,3,3,4,3,4,4,4,2,2,2,2,3,2,3,4,4,3,4,4,4,4,1,2,4,3,3,4,3,3,4,4,4,4,4,1,4,3,2,4,3,3,4,3,3,3,4,3,2,1,2,2,4,2,3,4,2,3,3,4,3,3,4]]}""]","Mozilla/5.0 (Linux; Android 10; ELS-AN00 Build/HUAWEIELS-AN00; wv) AppleWebKit/537.36 (KHTML, like Gecko) Version/4.0 Chrome/86.0.4240.99 XWEB/4263 MMWEBSDK/20220303 Mobile Safari/537.36 MMWEBID/4127 MicroMessenger/8.0.21.2120(0x280015F0) Process/toolsmp WeChat/arm64 Weixin NetType/WIFI Language/zh_CN ABI/arm64",120.229.57.41,广东省深圳市 移动  ,tsing,老师,社科老师,测试学校,未查到归属地,0,广东,省广州市
tsing/dxsk/2206904,ticket-user,tsing/dxsk,2206904,2022-07-19T09:30:09.501+08:00,2022-07-19T11:30:09+08:00,2022-07-19T09:43:17.95+08:00,"[""{\""basic\"":[[4,3,2,5,4,3,2,5,4,3,5,4,3,1,5,4,4,4,3,1,5,4,4,3,1,5,4,3,2,1,4,5,3,2,5,4,3,2,5,1,5,4,3,5,4,3,4,4,3,2,5,4,1,5,4,3,2,1,5,4,4,3,2,4,5,4,3,2,5,1,5,4,3,3,2,5,4,3,1,5,4,3,5,4,2,3,5,4,3,5,4,3,2,4,4,4,2,5,4,3,1,5,4,4,4,5,2,4,5,5,5,4,1,5,4,3,2,1,4,4,4,2,3,5,4,3,2,1,5,4,3,2,1,5,4,3,2,1,5,4,4,3,2,1,5,4,3,2,4,4,3,5,2,5,4,4,1,5,4,3,5,4,3,2,4,3,5,4,1,4,4,3,5,2,5,4,2,1,4,5,3,4,2,1,5,2,1,5,4,3,2,4,1]]}""]","Mozilla/5.0 (Windows NT 6.1; WOW64) AppleWebKit/537.36 (KHTML, like Gecko) Chrome/81.0.4044.138 Safari/537.36 NetType/WIFI MicroMessenger/7.0.20.1781(0x6700143B) WindowsWechat(0x6307001d)",59.54.20.187,江西省九江市 电信  ,tsing,老师,社科老师,测试学校,未查到归属地,0,江西,省深圳市
tsing/dxsk/2206905,ticket-user,tsing/dxsk,2206905,2022-07-19T09:30:23.888+08:00,2022-07-19T11:30:23+08:00,2022-07-19T09:48:42.22+08:00,"[""{\""basic\"":[[5,3,3,1,5,4,3,2,1,5,4,3,2,5,4,3,2,5,4,3,2,5,4,3,3,5,5,5,3,2,1,5,4,2,5,4,3,2,1,5,4,3,2,1,5,4,3,1,5,4,3,2,1,5,4,3,2,1,5,4,3,2,1,5,4,3,2,1,5,4,3,5,1,4,4,3,2,5,4,1,5,4,3,2,1,5,4,3,1,5,4,4,2,4,2,5,4,3,2,1,5,4,3,2,1,5,4,3,1,5,4,2,1,5,4,4,2,5,4,3,1,5,4,3,4,1,5,3,1,1,5,4,3,1,5,4,3,3,4,5,4,2,4,3,2,5,4,4,4,5,4,3,5,4,3,2,4,4,3,2,5,4,4,4,3,2,5,4,5,4,4,3,2,5,4,3,2,5,4,4,5,3,5,4,3,5,4,4,3,5,4,3,3]]}""]","Mozilla/5.0 (Windows NT 10.0; Win64; x64) AppleWebKit/537.36 (KHTML, like Gecko) Chrome/103.0.5060.114 Safari/537.36 Edg/103.0.1264.62",59.54.20.187,江西省九江市 电信  ,tsing,老师,社科老师,测试学校,未查到归属地,0,江西,省九江市
tsing/dxsk/2206906,ticket-user,tsing/dxsk,2206906,2022-07-19T09:31:09.286+08:00,2022-07-19T11:31:09+08:00,2022-07-19T09:51:35.367+08:00,"[""{\""basic\"":[[5,4,3,1,5,4,3,2,5,4,2,1,5,4,3,3,2,5,4,3,5,4,1,5,4,3,5,4,3,3,5,4,3,2,5,4,3,2,5,4,2,1,5,4,4,2,5,4,3,2,5,4,4,1,5,4,3,5,2,5,4,3,2,5,4,3,3,2,5,4,3,2,1,5,4,3,2,5,4,5,3,2,5,4,3,1,5,4,3,2,5,4,3,4,4,3,2,5,4,3,3,2,1,5,4,3,5,4,3,5,4,4,4,3,5,3,5,4,5,2,4,5,4,3,2,5,4,1,4,4,5,4,3,5,4,5,4,3,2,5,4,5,1,5,4,5,4,5,4,3,2,5,4,3,1,5,4,3,2,5,4,3,1,1,5,4,4,3,2,4,5,4,3,2,1,5,4,3,2,1,5,4,3,2,5,4,3,2,5,4,4,4,5]]}""]","Mozilla/5.0 (Windows NT 10.0; Win64; x64) AppleWebKit/537.36 (KHTML, like Gecko) Chrome/103.0.0.0 Safari/537.36",59.54.20.187,江西省九江市 电信  ,tsing,老师,社科老师,测试学校,未查到归属地,0,江西,省九江市
tsing/dxsk/2206908,ticket-user,tsing/dxsk,2206908,2022-07-19T09:43:40.177+08:00,2022-07-19T11:43:40+08:00,2022-07-19T09:58:43.4+08:00,"[""{\""basic\"":[[4,3,4,4,2,5,4,3,2,5,4,3,5,4,2,5,4,3,5,4,3,2,1,5,4,3,2,5,4,3,2,5,3,2,5,4,3,1,5,4,3,1,5,3,3,3,1,5,4,3,2,5,4,1,5,4,4,3,5,4,3,1,4,3,3,5,4,3,2,5,4,3,1,5,4,3,2,1,5,4,4,3,2,5,4,3,2,1,5,4,3,2,5,4,3,1,5,4,3,2,4,4,3,2,5,4,4,3,2,5,4,3,5,4,3,2,5,4,3,5,4,3,2,4,4,3,2,5,4,3,5,2,5,4,4,3,4,3,2,4,3,2,5,4,3,2,5,4,3,2,5,2,5,5,1,5,4,3,2,2,5,4,4,1,4,4,3,2,1,4,3,3,1,4,3,2,4,4,2,1,4,3,3,2,5,4,3,2,4,3,4,5,4]]}""]","Mozilla/5.0 (Windows NT 6.1; WOW64) AppleWebKit/537.36 (KHTML, like Gecko) Chrome/81.0.4044.138 Safari/537.36 NetType/WIFI MicroMessenger/7.0.20.1781(0x6700143B) WindowsWechat(0x6307001d)",59.54.20.187,江西省九江市 电信  ,tsing,老师,社科老师,测试学校,未查到归属地,0,江西,省九江市
tsing/dxsk/2206909,ticket-user,tsing/dxsk,2206909,2022-07-19T09:51:50.633+08:00,2022-07-19T11:51:50+08:00,2022-07-19T10:12:00.973+08:00,"[""{\""basic\"":[[5,4,2,5,4,3,1,3,4,2,5,4,3,2,1,5,4,3,5,4,3,1,5,4,2,5,4,3,2,1,5,4,3,2,5,4,3,2,5,4,3,2,1,5,4,3,2,1,5,4,3,4,5,1,4,3,2,1,4,3,2,1,4,3,2,1,5,4,3,2,1,5,4,3,2,1,5,4,3,2,5,4,3,5,4,3,1,4,3,2,1,5,4,4,2,5,3,4,3,2,5,4,3,2,1,5,4,3,2,5,4,3,2,5,4,3,2,5,4,2,4,2,5,4,1,5,4,3,5,4,3,5,4,2,5,4,3,5,4,3,2,5,4,3,2,5,4,3,5,4,3,2,5,1,5,4,3,5,4,3,5,4,3,5,4,3,5,4,2,4,4,3,4,4,5,4,3,5,4,3,5,4,3,5,1,5,4,2,5,4,3,2,4]]}""]","Mozilla/5.0 (Windows NT 10.0; Win64; x64) AppleWebKit/537.36 (KHTML, like Gecko) Chrome/103.0.0.0 Safari/537.36",59.54.20.187,江西省九江市 电信  ,tsing,老师,社科老师,测试学校,未查到归属地,0,江西,省九江市
tsing/dxsk/2206911,ticket-user,tsing/dxsk,2206911,2022-07-19T09:59:04.403+08:00,2022-07-19T11:59:04+08:00,2022-07-19T10:14:57.836+08:00,"[""{\""basic\"":[[4,3,2,5,4,3,5,4,3,1,5,4,2,4,4,3,2,5,4,3,2,5,4,3,5,2,5,4,3,2,4,4,3,2,5,4,3,5,4,3,2,5,4,1,5,4,3,5,4,3,2,5,4,3,4,3,2,1,5,4,3,2,1,4,4,3,5,4,3,2,1,5,4,3,5,4,2,5,4,3,2,5,4,2,1,5,4,3,2,5,4,3,2,4,4,3,2,5,3,1,5,4,3,2,1,5,3,3,2,4,4,1,5,4,2,1,5,4,3,2,1,5,4,3,2,1,5,4,3,5,4,3,2,5,4,3,1,5,4,4,3,2,5,3,1,5,4,3,2,5,4,3,2,5,1,5,4,3,2,1,5,4,3,2,5,3,1,5,4,4,3,2,5,4,3,4,1,5,4,3,5,4,3,2,5,4,4,3,2,5,4,2,4]]}""]","Mozilla/5.0 (Windows NT 6.1; WOW64) AppleWebKit/537.36 (KHTML, like Gecko) Chrome/81.0.4044.138 Safari/537.36 NetType/WIFI MicroMessenger/7.0.20.1781(0x6700143B) WindowsWechat(0x6307001d)",59.54.20.187,江西省九江市 电信  ,tsing,老师,社科老师,测试学校,未查到归属地,0,江西,省九江市
tsing/dxsk/2206912,ticket-user,tsing/dxsk,2206912,2022-07-19T09:27:33.848+08:00,2022-07-19T11:27:33+08:00,2022-07-19T09:44:01.85+08:00,"[""{\""basic\"":[[5,3,2,5,4,3,2,5,5,4,2,4,5,4,3,2,5,4,3,4,3,2,5,4,2,4,3,2,5,4,1,4,4,2,5,4,3,2,5,4,3,5,2,5,1,4,3,2,5,4,4,3,2,5,1,4,4,2,1,5,4,3,2,2,3,4,3,2,4,1,3,2,1,5,4,3,2,5,4,3,2,5,4,3,2,1,5,4,3,2,5,3,3,4,1,4,3,2,1,5,4,3,2,1,4,3,2,1,4,3,2,1,5,4,3,2,1,4,3,2,1,4,3,2,1,5,4,3,2,4,4,2,1,5,4,3,2,5,4,3,2,1,5,4,3,4,3,2,4,3,2,1,5,4,3,2,5,4,1,5,4,3,2,5,4,3,2,1,5,4,4,3,2,2,4,3,5,5,4,3,2,5,4,3,2,5,4,3,2,5,4,3,2]]}""]","Mozilla/5.0 (iPad; CPU OS 15_5 like Mac OS X) AppleWebKit/605.1.15 (KHTML, like Gecko) Mobile/15E148 MicroMessenger/8.0.25(0x18001927) NetType/WIFI Language/zh_CN",59.54.20.187,江西省九江市 电信  ,tsing,老师,社科老师,测试学校,未查到归属地,0,江西,省九江市
tsing/dxsk/2206913,ticket-user,tsing/dxsk,2206913,2022-07-19T09:47:56.484+08:00,2022-07-19T11:47:56+08:00,2022-07-19T10:04:06.054+08:00,"[""{\""basic\"":[[4,3,2,5,4,3,2,1,5,4,3,5,4,3,1,5,4,5,4,3,2,5,4,3,5,4,3,5,4,3,2,5,4,2,5,1,5,4,3,5,4,3,1,4,4,5,4,3,5,2,1,5,4,3,2,5,4,3,1,5,4,3,4,4,3,1,4,4,3,2,5,4,3,2,5,4,5,4,2,5,4,2,5,4,3,2,5,4,3,5,4,3,5,4,4,5,4,3,5,2,5,4,3,2,5,4,3,2,5,4,3,2,5,4,3,2,5,4,4,5,4,2,2,5,4,3,5,4,3,5,4,3,2,5,4,3,5,4,3,5,4,2,5,4,5,5,5,4,3,2,1,4,3,5,4,3,5,4,2,5,4,3,2,1,5,4,3,2,1,4,3,4,2,1,5,4,3,2,5,4,4,5,1,1,3,2,4,3,3,2,1,3,4]]}""]","Mozilla/5.0 (iPad; CPU OS 15_5 like Mac OS X) AppleWebKit/601.1.46 (KHTML, like Gecko) Mobile/19F77 Quark/4.7.3.32 Mobile",59.54.20.187,江西省九江市 电信  ,tsing,老师,社科老师,测试学校,未查到归属地,0,江西,省九江市
tsing/dxsk/2206914,ticket-user,tsing/dxsk,2206914,2022-07-19T09:28:32.796+08:00,2022-07-19T11:28:32+08:00,2022-07-19T09:46:38.459+08:00,"[""{\""basic\"":[[4,3,1,5,4,3,2,1,5,4,4,3,1,5,4,4,3,2,1,5,4,3,2,5,1,4,3,2,5,4,4,2,1,2,5,4,3,2,5,4,3,5,4,3,1,5,4,3,2,1,5,4,3,2,1,5,4,3,4,5,4,3,1,5,4,3,2,1,4,3,2,1,5,4,3,1,5,4,3,2,1,5,3,4,3,1,5,4,3,1,5,4,3,4,5,4,3,2,5,3,4,3,1,5,4,3,2,1,5,4,3,2,4,5,5,5,4,3,3,3,5,4,2,1,5,4,3,3,5,4,3,1,5,4,3,2,4,3,5,4,4,4,4,3,2,1,5,1,1,5,4,4,3,2,5,4,3,5,4,4,3,2,1,5,4,4,4,3,4,4,5,4,3,2,1,5,4,3,3,2,1,5,4,4,3,2,2,1,5,4,3,3,3]]}""]","Mozilla/5.0 (iPad; CPU OS 15_5 like Mac OS X) AppleWebKit/601.1.46 (KHTML, like Gecko) Mobile/19F77 Quark/4.7.3.32 Mobile",59.54.20.187,江西省九江市 电信  ,tsing,老师,社科老师,测试学校,未查到归属地,0,江西,省九江市
tsing/dxsk/2206915,ticket-user,tsing/dxsk,2206915,2022-07-19T09:44:18.454+08:00,2022-07-19T11:44:18+08:00,2022-07-19T09:55:55.263+08:00,"[""{\""basic\"":[[4,3,2,1,4,5,4,5,4,3,5,4,2,5,4,3,5,4,3,2,5,4,3,3,2,1,5,4,4,3,2,1,5,2,5,4,3,2,5,4,3,2,4,1,4,3,2,1,5,4,3,2,1,5,4,3,2,1,5,4,3,2,1,5,4,3,5,4,3,2,1,5,4,3,2,1,5,4,3,2,1,5,4,3,2,1,5,4,3,2,5,4,1,4,4,3,1,5,4,3,2,1,5,4,3,2,5,1,4,3,2,1,5,4,3,2,1,5,4,3,2,5,4,3,2,5,4,2,4,5,4,2,1,2,5,4,3,2,5,1,5,4,4,3,2,5,4,3,2,1,5,4,3,2,1,5,4,3,3,3,4,5,3,4,1,5,4,3,1,4,3,2,1,5,4,3,2,1,5,4,3,2,5,4,4,2,2,1,5,4,3,2,5]]}""]","Mozilla/5.0 (iPad; CPU OS 15_5 like Mac OS X) AppleWebKit/605.1.15 (KHTML, like Gecko) Mobile/15E148 MicroMessenger/8.0.25(0x18001927) NetType/WIFI Language/zh_CN",59.54.20.187,江西省九江市 电信  ,tsing,老师,社科老师,测试学校,未查到归属地,0,江西,省九江市
tsing/dxsk/2206917,ticket-user,tsing/dxsk,2206917,2022-07-19T09:47:20.822+08:00,2022-07-19T11:47:20+08:00,2022-07-19T10:06:57.081+08:00,"[""{\""basic\"":[[5,4,3,2,1,5,4,3,2,1,5,4,3,2,5,4,3,1,5,4,4,3,2,5,4,3,2,5,4,3,1,5,4,2,5,3,2,5,4,3,2,1,5,4,3,5,4,3,2,5,4,3,2,5,4,3,5,3,4,5,1,5,4,3,2,5,4,3,2,1,5,4,3,2,1,5,4,3,2,5,4,4,3,2,5,1,4,3,2,5,1,4,3,4,5,4,3,2,5,4,3,1,5,4,3,2,1,5,4,3,5,4,3,2,5,4,3,3,2,1,5,4,4,3,2,5,4,3,2,5,1,4,3,2,4,4,3,2,4,3,2,1,5,4,3,5,4,3,2,5,4,3,4,2,4,3,5,4,3,2,4,3,2,5,4,3,1,5,4,4,2,5,4,3,2,4,3,2,1,5,4,3,2,5,4,3,2,1,3,4,3,2,4]]}""]","Mozilla/5.0 (Macintosh; Intel Mac OS X 10_15_6) AppleWebKit/605.1.15 (KHTML, like Gecko) Version/15.5 Safari/605.1.15",59.54.20.187,江西省九江市 电信  ,tsing,老师,社科老师,测试学校,未查到归属地,0,江西,省九江市
tsing/dxsk/2206918,ticket-user,tsing/dxsk,2206918,2022-07-19T09:56:18.168+08:00,2022-07-19T11:56:18+08:00,2022-07-19T10:09:24.504+08:00,"[""{\""basic\"":[[5,4,3,2,5,4,3,2,1,5,4,3,2,1,5,4,3,2,1,5,4,3,2,1,5,4,3,2,1,5,4,3,2,2,5,4,3,2,1,5,4,3,2,1,5,4,3,2,5,4,3,2,1,5,4,3,2,1,5,4,3,2,5,4,3,2,5,4,3,2,5,4,3,2,5,4,3,2,1,5,4,3,2,5,4,3,2,5,4,3,2,1,5,4,3,5,4,3,2,1,5,4,3,2,1,5,4,3,5,4,5,4,4,3,2,5,4,3,2,5,4,3,2,1,5,4,3,2,5,4,4,3,2,4,4,5,4,3,2,5,4,3,2,1,5,4,3,2,5,4,3,2,5,4,3,2,2,5,4,3,3,2,5,4,4,5,3,4,3,4,5,4,3,2,5,4,1,5,4,3,5,4,1,5,4,3,2,5,4,4,2,4,3]]}""]","Mozilla/5.0 (iPad; CPU OS 15_5 like Mac OS X) AppleWebKit/605.1.15 (KHTML, like Gecko) Mobile/15E148 MicroMessenger/8.0.25(0x18001927) NetType/WIFI Language/zh_CN",59.54.20.187,江西省九江市 电信  ,tsing,老师,社科老师,测试学校,未查到归属地,0,江西,省九江市
tsing/dxsk/2206919,ticket-user,tsing/dxsk,2206919,2022-07-19T10:04:29.173+08:00,2022-07-19T12:04:29+08:00,2022-07-19T10:19:37.31+08:00,"[""{\""basic\"":[[5,4,3,2,1,5,4,3,2,1,5,4,3,2,5,4,3,2,1,5,4,4,5,4,3,2,1,5,4,3,2,1,2,2,5,4,3,2,5,4,3,2,5,4,3,2,5,4,4,3,5,4,3,2,5,2,5,4,3,1,5,4,3,1,5,4,3,2,5,4,3,1,5,4,3,2,5,4,1,5,4,3,1,5,4,3,1,5,4,3,1,5,3,4,3,2,5,1,4,3,2,1,5,4,3,2,4,1,5,4,3,2,5,3,4,4,3,2,5,4,3,5,1,4,3,1,5,4,3,1,5,4,3,2,1,5,4,3,2,1,5,4,3,2,1,5,4,3,2,1,5,4,3,1,5,4,3,2,5,4,3,1,5,3,4,3,2,5,4,4,3,1,3,5,4,3,2,1,5,4,3,2,5,4,3,2,1,5,4,3,2,4,3]]}""]","Mozilla/5.0 (iPad; CPU OS 15_5 like Mac OS X) AppleWebKit/601.1.46 (KHTML, like Gecko) Mobile/19F77 Quark/4.7.3.32 Mobile",59.54.20.187,江西省九江市 电信  ,tsing,老师,社科老师,测试学校,未查到归属地,0,江西,省九江市
tsing/dxsk/2206920,ticket-user,tsing/dxsk,2206920,2022-07-19T10:07:14.582+08:00,2022-07-19T12:07:14+08:00,2022-07-19T10:21:45.747+08:00,"[""{\""basic\"":[[5,4,3,2,1,5,4,3,2,5,4,3,2,1,5,4,3,2,5,4,3,3,2,1,5,4,3,2,1,5,4,4,3,2,5,4,3,2,5,4,3,1,5,4,3,4,5,4,3,1,5,4,3,2,5,4,3,1,5,4,3,2,1,5,4,3,2,5,4,3,1,5,4,3,1,5,4,3,2,5,4,3,2,5,4,3,2,2,5,4,3,1,4,4,1,5,4,3,2,1,5,4,3,2,4,5,4,3,2,1,5,4,3,2,1,5,4,3,2,2,1,5,4,3,2,1,5,4,3,5,4,3,1,5,4,3,2,1,5,4,3,1,5,4,3,2,4,5,4,2,1,5,4,3,2,1,5,4,3,5,4,3,2,1,5,4,3,2,4,4,4,3,2,5,4,4,3,2,5,4,2,1,5,4,3,2,1,5,4,3,2,5,4]]}""]","Mozilla/5.0 (Macintosh; Intel Mac OS X 10_15_6) AppleWebKit/605.1.15 (KHTML, like Gecko) Version/15.5 Safari/605.1.15",59.54.20.187,江西省九江市 电信  ,tsing,老师,社科老师,测试学校,未查到归属地,0,江西,省九江市
tsing/dxsk/2206921,ticket-user,tsing/dxsk,2206921,2022-07-19T22:11:36.649+08:00,2022-07-20T00:11:36+08:00,2022-07-19T22:44:10.161+08:00,"[""{\""basic\"":[[1,2,3,4,1,3,4,1,2,5,4,1,2,3,4,5,1,2,3,4,5,1,2,3,4,5,1,2,3,4,5,1,4,2,3,5,1,2,3,4,5,1,2,3,4,5,4,5,3,2,1,1,2,3,4,5,3,4,1,3,2,4,5,1,2,3,4,3,5,1,2,3,4,5,1,4,3,2,1,2,3,5,4,4,3,5,1,2,3,4,1,2,3,4,1,2,3,4,5,3,4,5,3,3,4,2,2,3,1,2,3,4,5,1,2,3,4,5,1,2,3,4,5,1,2,3,4,5,1,2,3,4,5,1,2,3,4,5,1,2,3,4,5,4,5,3,1,2,5,4,1,2,3,4,1,5,2,3,4,2,5,1,2,3,4,5,1,2,3,4,5,1,2,3,4,5,1,2,3,4,5,5,4,3,2,1,5,4,3,2,1,2,3]]}""]","Mozilla/5.0 (Linux; Android 11; MI 9 Transparent Edition Build/RKQ1.200826.002; wv) AppleWebKit/537.36 (KHTML, like Gecko) Version/4.0 Chrome/86.0.4240.99 XWEB/4267 MMWEBSDK/20220505 Mobile Safari/537.36 MMWEBID/6892 MicroMessenger/8.0.23.2160(0x28001757) WeChat/arm64 Weixin NetType/WIFI Language/zh_CN ABI/arm64",123.233.96.103,山东省济南市 联通  ,tsing,老师,社科老师,测试学校,未查到归属地,0,山东,省九江市
tsing/dxsk/2206922,ticket-user,tsing/dxsk,2206922,2022-07-19T22:27:16.839+08:00,2022-07-20T00:27:16+08:00,2022-07-19T22:44:01.016+08:00,"[""{\""basic\"":[[2,1,2,1,3,2,3,2,2,3,4,3,1,5,1,4,4,2,3,5,2,4,4,5,1,1,3,2,4,2,2,1,3,2,1,2,4,3,2,4,3,2,4,1,1,5,3,4,1,1,4,3,2,1,3,3,1,5,5,4,1,2,1,3,3,1,4,2,4,2,4,4,2,2,4,5,1,5,1,4,2,3,5,2,5,1,4,2,3,2,3,4,1,4,3,4,1,5,2,4,1,4,1,5,3,5,1,4,2,3,3,1,2,4,2,5,2,3,4,3,5,4,3,2,1,2,3,4,5,4,3,2,1,2,3,4,5,4,3,2,1,2,3,4,5,4,3,2,1,2,3,4,5,1,2,3,3,5,2,4,3,2,1,4,2,3,4,4,2,4,2,1,4,5,1,2,3,4,5,4,3,5,1,3,2,5,2,3,1,5,1,4,2]]}""]","Mozilla/5.0 (Windows NT 6.1; WOW64) AppleWebKit/537.36 (KHTML, like Gecko) Chrome/81.0.4044.138 Safari/537.36 NetType/WIFI MicroMessenger/7.0.20.1781(0x6700143B) WindowsWechat(0x63070517)",123.233.96.103,山东省济南市 联通  ,tsing,老师,社科老师,测试学校,未查到归属地,0,山东,省济南市
tsing/dxsk/2206923,ticket-user,tsing/dxsk,2206923,2022-07-19T22:12:54.648+08:00,2022-07-20T00:12:54+08:00,,[],"Mozilla/5.0 (Linux; Android 11; PCDM10 Build/RP1A.200720.011; wv) AppleWebKit/537.36 (KHTML, like Gecko) Version/4.0 Chrome/86.0.4240.99 XWEB/4267 MMWEBSDK/20220604 Mobile Safari/537.36 MMWEBID/3814 MicroMessenger/8.0.24.2180(0x2800183F) WeChat/arm64 Weixin NetType/WIFI Language/zh_CN ABI/arm64",120.242.166.103,安徽省宿州市 移动  ,tsing,老师,社科老师,测试学校,未查到归属地,0,安徽,省济南市
tsing/dxsk/2206924,ticket-user,tsing/dxsk,2206924,2022-07-19T22:40:16.53+08:00,2022-07-20T00:40:16+08:00,,"[""{\""basic\"":[[2,1,1,2,1,1,1,1,1,4,4,4,5,3,2,1,1,2,1,1,1,4,4,4,5,5,5,5,3,3,2,2,1,1,1,1,1,1,1,1,1,2,2,2,2,1,2,2,2,1,1,1,2,1,1,1,1,4,3,3,2,2,2,1,1,1,1,4,5,5,5,2,2,4,5,5,5,2,2,2,2,3,4,4,4,5,5,4,4,5,5,3,2,4,3,4,4,5,5,5,5,5,5,5,5,5,5,2,2,5,3,4,5,2,4,4,2,1,2,2,1,2,2,2,3,5,4,4,5,5,5,5,5,4,4,5,5,4,2,2,2,2,2,4,5,2,2,1,4,5,5,3,2,1,4,4,4,4,5,5,5,5,5,5,4,2,1,3,2,4,4,3,4,4,2,4,5,3,2,2,1,2,1,2,2,3,1,2,3,3,4,5,5]]}""]","Mozilla/5.0 (Windows NT 6.1; WOW64) AppleWebKit/537.36 (KHTML, like Gecko) Chrome/39.0.2171.95 Safari/537.36 MicroMessenger/6.5.2.501 NetType/WIFI WindowsWechat QBCore/3.43.884.400 QQBrowser/9.0.2524.400",120.242.166.103,安徽省宿州市 移动  ,tsing,老师,社科老师,测试学校,未查到归属地,0,安徽,省宿州市
tsing/dxsk/2206925,ticket-user,tsing/dxsk,2206925,2022-07-19T22:09:44.768+08:00,2022-07-20T00:09:44+08:00,,"[""{\""basic\"":[[1,1,1,1,2,1,2,2,1,1,5,3,4,5,1,1,3,1,2,1,1,4,5,4,4,5,5,5,3,3,1,1,1,2,2,3,2,1,2,1,1,1,2,1,1,1,1,2,1,1,4,5,2,2,2,1,1,4,4,2,2,1,1,2,1,2,3,4,5,5,4,2,3,4,4,4,5,2,2,1,3,4,4,4,4,4,4,5,5,5,4,2,1,4,3,4,4,5,5,4,5,4,5,5,5,5,4,2,1,4,2,4,4,4,5,5,1,2,2,2,2,1,1,1,1,4,4,4,4,3,3,5,5,5,5,5,5,4,2,1,1,2,2,2,4,4,3,1,4,5,5,4,2,1,4,4,5,5,5,5,5,4,4,5,5,2,4,2,5,4,3,2,2,3,2,4,4,2,2,2,2,2,2,2,2,3,2,4,2,3,4,4,4]]}""]","Mozilla/5.0 (iPhone; CPU iPhone OS 15_1_1 like Mac OS X) AppleWebKit/605.1.15 (KHTML, like Gecko) Mobile/15E148 MicroMessenger/8.0.25(0x18001927) NetType/WIFI Language/zh_CN",112.224.165.99,山东省 联通 ,tsing,老师,社科老师,测试学校,未查到归属地,0,山东,省宿州市
tsing/dxsk/2206926,ticket-user,tsing/dxsk,2206926,2022-07-19T22:14:10.916+08:00,2022-07-20T00:14:10+08:00,2022-07-19T22:26:45.777+08:00,"[""{\""basic\"":[[2,1,3,1,2,3,1,1,4,2,5,5,4,4,2,1,3,2,3,3,3,4,5,5,5,4,4,3,3,3,1,1,1,2,1,1,1,1,2,2,3,3,3,3,3,3,3,1,1,1,4,4,2,2,2,2,1,3,3,3,3,3,3,2,2,2,2,4,4,4,4,1,1,4,4,4,4,3,3,3,3,3,3,3,3,3,5,5,5,5,5,1,1,4,5,5,5,5,5,5,5,5,5,5,5,5,5,1,1,4,1,4,4,4,4,3,1,1,1,4,4,2,2,2,1,2,3,3,3,3,3,4,2,2,2,2,2,2,2,3,3,3,2,2,5,2,2,2,2,2,5,4,2,5,4,3,5,2,2,3,3,4,5,4,5,2,5,1,2,4,4,4,1,5,4,2,3,1,5,3,4,2,1,3,4,2,1,5,3,4,2,1,5]]}""]","Mozilla/5.0 (Windows NT 10.0; Win64; x64) AppleWebKit/537.36 (KHTML, like Gecko) Chrome/92.0.4515.105 Safari/537.36",223.98.44.44,山东省德州市 移动  ,tsing,老师,社科老师,测试学校,未查到归属地,0,山东,省
tsing/dxsk/2206927,ticket-user,tsing/dxsk,2206927,2022-07-19T22:20:19.8+08:00,2022-07-20T00:20:19+08:00,2022-07-19T22:32:26.728+08:00,"[""{\""basic\"":[[1,2,3,4,5,5,1,2,3,4,5,5,1,2,3,4,5,1,2,1,1,1,4,4,4,4,5,5,3,3,3,3,3,3,3,3,3,3,3,2,2,1,1,1,1,1,1,1,1,1,5,5,1,1,1,1,1,4,5,2,2,3,2,1,1,3,3,4,4,4,4,3,3,3,3,3,5,3,3,3,3,5,5,5,5,5,5,5,5,5,5,1,1,4,3,5,5,5,5,5,5,5,5,5,5,5,5,1,1,4,1,5,5,5,5,5,1,2,2,2,2,2,2,2,3,3,3,3,3,3,3,4,4,4,4,4,4,4,2,2,2,2,2,2,2,2,2,2,2,2,2,2,4,2,2,2,2,2,2,2,2,2,2,2,2,2,2,2,2,4,3,5,1,1,1,5,5,1,1,1,1,1,1,1,1,1,1,1,3,3,3,3,3]]}""]","Mozilla/5.0 (Linux; U; Android 11; zh-cn; M2012K11C Build/RKQ1.201112.002) AppleWebKit/537.36 (KHTML, like Gecko) Version/4.0 Chrome/89.0.4389.116 Mobile Safari/537.36 XiaoMi/MiuiBrowser/16.6.6 swan-mibrowser",223.98.44.44,山东省德州市 移动  ,tsing,老师,社科老师,测试学校,未查到归属地,0,山东,省德州市
tsing/dxsk/2206928,ticket-user,tsing/dxsk,2206928,2022-07-19T22:19:46.679+08:00,2022-07-20T00:19:46+08:00,2022-07-19T22:37:41.116+08:00,"[""{\""basic\"":[[1,2,3,4,4,3,2,1,5,5,1,2,3,4,4,3,2,1,5,5,1,2,3,4,4,3,2,1,5,5,1,2,3,2,4,4,3,2,1,1,2,3,4,4,3,2,1,1,2,3,4,4,3,1,5,5,1,2,3,4,4,3,2,1,5,5,1,2,3,4,4,3,2,1,1,2,3,4,5,5,4,3,2,1,1,2,3,4,4,3,1,5,5,4,1,2,3,4,4,1,2,1,2,4,3,3,2,1,1,2,3,4,5,5,4,3,2,1,1,2,3,4,4,3,1,5,5,5,4,2,2,1,2,3,4,4,3,2,1,5,5,1,2,3,4,4,3,2,1,1,2,3,4,5,5,5,4,3,2,1,1,2,3,4,4,3,2,1,5,4,1,2,3,4,4,3,1,2,3,4,3,2,1,5,5,1,2,3,4,4,3,2,1]]}""]","Mozilla/5.0 (Linux; Android 12; FNE-AN00; HMSCore 6.6.0.312) AppleWebKit/537.36 (KHTML, like Gecko) Chrome/92.0.4515.105 HuaweiBrowser/12.1.1.321 Mobile Safari/537.36",144.12.171.190,山东省聊城市 电信  ,tsing,老师,社科老师,测试学校,未查到归属地,0,山东,省德州市
tsing/dxsk/2206929,ticket-user,tsing/dxsk,2206929,2022-07-19T22:38:13.152+08:00,2022-07-20T00:38:13+08:00,2022-07-19T22:51:23.509+08:00,"[""{\""basic\"":[[1,2,3,4,5,4,3,2,1,1,2,3,5,5,4,2,3,1,2,3,4,5,1,2,3,4,5,1,2,3,4,5,5,2,1,2,3,4,5,4,3,2,1,5,4,3,2,1,5,4,3,2,1,1,2,3,4,5,5,4,3,2,1,1,2,4,3,5,4,3,2,1,1,2,3,4,5,5,4,3,2,1,1,2,3,4,5,1,2,3,4,5,5,4,3,2,1,1,2,3,4,5,5,3,2,4,1,1,2,3,4,5,5,4,3,2,1,1,2,3,4,5,5,4,2,1,2,3,3,3,2,1,2,2,1,2,3,4,5,4,3,1,1,2,3,4,5,1,2,3,4,5,5,4,3,2,1,1,2,3,4,5,5,4,3,2,1,1,2,4,5,5,4,3,2,1,1,2,3,5,4,4,3,2,1,1,2,3,4,5,4,4,3]]}""]","Mozilla/5.0 (Windows NT 10.0; WOW64) AppleWebKit/537.36 (KHTML, like Gecko) Chrome/86.0.4240.198 Safari/537.36",36.113.112.255,江苏省 电信 ,tsing,老师,社科老师,测试学校,未查到归属地,0,江苏,省聊城市
tsing/dxsk/2206930,ticket-user,tsing/dxsk,2206930,2022-07-19T22:28:42.314+08:00,2022-07-20T00:28:42+08:00,2022-07-19T22:46:39.454+08:00,"[""{\""basic\"":[[2,2,2,2,2,2,2,2,2,3,4,2,4,2,1,2,2,2,3,3,3,4,4,3,4,4,4,4,3,3,2,1,2,2,3,3,3,3,5,3,3,3,3,3,3,3,4,3,3,3,4,4,3,3,3,3,3,4,3,3,3,3,2,2,2,2,2,3,3,4,3,3,3,3,2,3,2,3,3,3,2,3,2,2,2,3,3,3,3,3,3,3,2,3,3,3,2,3,3,3,2,3,3,2,3,3,2,3,3,3,5,5,3,5,2,2,3,3,2,3,2,2,3,5,3,2,2,2,2,2,3,4,3,3,5,3,5,4,4,4,5,5,5,3,3,3,3,2,2,3,3,3,3,3,2,3,2,5,5,2,5,5,5,5,3,2,2,2,2,2,2,2,3,3,3,3,3,3,3,3,2,2,2,2,2,2,3,3,3,2,3,3,3]]}""]","Mozilla/5.0 (iPhone; CPU iPhone OS 15_5 like Mac OS X) AppleWebKit/605.1.15 (KHTML, like Gecko) Mobile/15E148 MicroMessenger/8.0.25(0x18001927) NetType/4G Language/zh_CN",39.144.87.205,中国 移动  ,tsing,老师,社科老师,测试学校,未查到归属地,0,中国,省
,,,,,,,,,,,,,,,,,,
,,,,,,,,,,,,,,,Process finished with exit code 0,,,